census_id,name_census,county,fips_place,road_upkeep_dollars,road_upkeep_flag,road_construction_dollars,road_construction_flag
342001109053,CORBIN CITY CITY,Atlantic,15160,12000,I,NA,NA
342001109055,HAMMONTON TOWN,Atlantic,29430,1674000,R,NA,NA
342001109056,SOMERS POINT CITY,Atlantic,68430,NA,NA,NA,NA
342001130810,ATLANTIC CITY CITY,Atlantic,02080,7839000,R,NA,NA
342001130811,BUENA BOROUGH,Atlantic,08680,364000,R,NA,NA
342001130812,FOLSOM BOROUGH,Atlantic,23940,147000,R,285000,R
342001130813,LONGPORT BOROUGH,Atlantic,41370,457000,I,NA,NA
342001130814,PORT REPUBLIC CITY,Atlantic,60600,174000,R,NA,NA
342001170105,BRIGANTINE CITY,Atlantic,07810,826000,R,NA,NA
342001170106,ESTELL MANOR CITY,Atlantic,21870,NA,NA,NA,NA
342001170107,LINWOOD CITY,Atlantic,40530,130000,R,490000,R
342001170108,NORTHFIELD CITY,Atlantic,52950,917000,R,904000,R
342001190892,ABSECON CITY,Atlantic,00100,45000,R,855000,R
342001193724,VENTNOR CITY CITY,Atlantic,75620,1083000,R,NA,NA
342001208756,EGG HARBOR CITY,Atlantic,20350,326000,R,NA,NA
342001208757,MARGATE CITY,Atlantic,43890,NA,NA,NA,NA
342001208758,PLEASANTVILLE CITY,Atlantic,59640,745000,R,752000,R
342003109058,ENGLEWOOD CITY,Bergen,21480,946000,R,NA,NA
342003109061,HAWORTH BOROUGH,Bergen,30540,1065000,I,NA,NA
342003109062,LITTLE FERRY BOROUGH,Bergen,40680,NA,NA,NA,NA
342003109064,ROCKLEIGH BOROUGH,Bergen,64170,64000,I,NA,NA
342003109066,TETERBORO BOROUGH,Bergen,72480,271000,I,NA,NA
342003130815,BERGENFIELD BOROUGH,Bergen,05170,820000,R,NA,NA
342003130816,ELMWOOD PARK BOROUGH,Bergen,21300,NA,NA,1100000,R
342003130817,EMERSON BOROUGH,Bergen,21450,899000,I,NA,NA
342003130818,FRANKLIN LAKES BOROUGH,Bergen,24990,1425000,I,2316000,I
342003130819,MAYWOOD BOROUGH,Bergen,44880,1745000,I,NA,NA
342003130820,NEW MILFORD BOROUGH,Bergen,51660,NA,NA,NA,NA
342003130821,OAKLAND BOROUGH,Bergen,53850,703000,R,930000,R
342003130822,PALISADES PARK BOROUGH,Bergen,55770,1521000,I,NA,NA
342003130823,RUTHERFORD BOROUGH,Bergen,65280,1478000,I,NA,NA
342003130824,WALLINGTON BOROUGH,Bergen,76490,291000,I,NA,NA
342003130825,WOOD RIDGE BOROUGH,Bergen,82570,978000,I,NA,NA
342003170109,ALLENDALE BOROUGH,Bergen,00700,NA,NA,NA,NA
342003170110,ALPINE BOROUGH,Bergen,01090,451000,I,NA,NA
342003170111,CARLSTADT BOROUGH,Bergen,10480,1293000,R,NA,NA
342003170112,CLIFFSIDE PARK BOROUGH,Bergen,13570,NA,NA,NA,NA
342003170113,DEMAREST BOROUGH,Bergen,17530,NA,NA,NA,NA
342003170114,DUMONT BOROUGH,Bergen,18400,2151000,R,NA,NA
342003170115,EAST RUTHERFORD BOROUGH,Bergen,19510,1876000,R,NA,NA
342003170116,EDGEWATER BOROUGH,Bergen,20020,2315000,R,272000,R
342003170117,ENGLEWOOD CLIFFS BOROUGH,Bergen,21510,1064000,R,NA,NA
342003170118,FAIR LAWN BOROUGH,Bergen,22470,587000,R,NA,NA
342003170119,FAIRVIEW BOROUGH,Bergen,22560,NA,NA,NA,NA
342003170120,GARFIELD CITY,Bergen,25770,1983000,R,NA,NA
342003170121,GLEN ROCK BOROUGH,Bergen,26640,NA,NA,NA,NA
342003170122,HARRINGTON PARK BOROUGH,Bergen,30150,863000,I,NA,NA
342003170123,HASBROUCK HEIGHTS BOROUGH,Bergen,30420,NA,NA,NA,NA
342003170124,HILLSDALE BOROUGH,Bergen,31920,773000,I,NA,NA
342003170125,HO-HO-KUS BOROUGH,Bergen,32310,641000,I,NA,NA
342003170126,MIDLAND PARK BOROUGH,Bergen,46110,689000,I,NA,NA
342003170127,MONTVALE BOROUGH,Bergen,47610,124000,I,NA,NA
342003170128,MOONACHIE BOROUGH,Bergen,47700,NA,NA,NA,NA
342003170129,NORTHVALE BOROUGH,Bergen,53430,854000,I,NA,NA
342003170130,NORWOOD BOROUGH,Bergen,53610,NA,NA,NA,NA
342003170131,OLD TAPPAN BOROUGH,Bergen,54870,515000,I,813000,I
342003170132,PARK RIDGE BOROUGH,Bergen,56130,NA,NA,NA,NA
342003170133,RAMSEY BOROUGH,Bergen,61680,1176000,R,NA,NA
342003170134,RIDGEFIELD BOROUGH,Bergen,62910,10000,R,277000,R
342003170135,RIDGEFIELD PARK VILLAGE,Bergen,62940,1600000,R,NA,NA
342003170136,RIVER EDGE BOROUGH,Bergen,63360,1172000,I,NA,NA
342003170137,SADDLE RIVER BOROUGH,Bergen,65400,837000,I,NA,NA
342003170138,TENAFLY BOROUGH,Bergen,72420,2566000,R,NA,NA
342003170139,WALDWICK BOROUGH,Bergen,76400,1085000,I,NA,NA
342003170140,WOODCLIFF LAKE BOROUGH,Bergen,82300,1068000,I,NA,NA
342003184018,BOGOTA BOROUGH,Bergen,06490,734000,I,NA,NA
342003184024,HACKENSACK CITY,Bergen,28680,1046000,R,NA,NA
342003184043,CRESSKILL BOROUGH,Bergen,15820,2690000,I,NA,NA
342003184044,LEONIA BOROUGH,Bergen,40020,2088000,I,NA,NA
342003186536,NORTH ARLINGTON BOROUGH,Bergen,52320,1272000,R,NA,NA
342003190893,CLOSTER BOROUGH,Bergen,13810,NA,NA,NA,NA
342003190894,RIDGEWOOD VILLAGE,Bergen,63000,1028000,R,NA,NA
342003193725,LODI BOROUGH,Bergen,41100,2249000,R,NA,NA
342003193726,ORADELL BOROUGH,Bergen,54990,NA,NA,NA,NA
342003193727,UPPER SADDLE RIVER BOROUGH,Bergen,75140,876000,R,62000,R
342003208759,WESTWOOD BOROUGH,Bergen,80270,851000,I,NA,NA
342003211389,FORT LEE BOROUGH,Bergen,24420,2338000,R,NA,NA
342003225449,PARAMUS BOROUGH,Bergen,55950,2362000,R,NA,NA
342005109067,BEVERLY CITY,Burlington,05740,188000,I,NA,NA
342005109068,MEDFORD LAKES BOROUGH,Burlington,45210,474000,I,NA,NA
342005130826,FIELDSBORO BOROUGH,Burlington,23250,60000,I,NA,NA
342005130827,PEMBERTON BOROUGH,Burlington,57480,NA,NA,NA,NA
342005170141,BURLINGTON CITY,Burlington,08920,407000,I,NA,NA
342005170142,PALMYRA BOROUGH,Burlington,55800,467000,I,NA,NA
342005170143,WRIGHTSTOWN BOROUGH,Burlington,82960,104000,I,NA,NA
342005193728,RIVERTON BOROUGH,Burlington,63660,595000,R,NA,NA
342005208760,BORDENTOWN CITY,Burlington,06670,NA,NA,NA,NA
342007109069,BARRINGTON BOROUGH,Camden,03250,694000,I,NA,NA
342007109071,CHESILHURST BOROUGH,Camden,12550,56000,I,NA,NA
342007109074,TAVISTOCK BOROUGH,Camden,72240,NA,NA,NA,NA
342007130828,AUDUBON PARK BOROUGH,Camden,02230,NA,NA,NA,NA
342007130829,BROOKLAWN BOROUGH,Camden,08170,46000,I,NA,NA
342007130830,HI NELLA BOROUGH,Camden,32220,NA,NA,NA,NA
342007130832,STRATFORD BOROUGH,Camden,71220,217000,I,NA,NA
342007170144,BELLMAWR BOROUGH,Camden,04750,984000,R,417000,R
342007170145,BERLIN BOROUGH,Camden,05440,290000,I,NA,NA
342007170146,CAMDEN CITY,Camden,10000,5252000,R,NA,NA
342007170147,CLEMENTON BOROUGH,Camden,13420,84000,I,NA,NA
342007170148,COLLINGSWOOD BOROUGH,Camden,14260,358000,R,NA,NA
342007170149,GLOUCESTER CITY CITY,Camden,26820,748000,R,NA,NA
342007170150,HADDONFIELD BOROUGH,Camden,28770,754000,I,NA,NA
342007170151,LAWNSIDE BOROUGH,Camden,39420,500000,R,NA,NA
342007170152,MAGNOLIA BOROUGH,Camden,42630,639000,I,NA,NA
342007170153,MERCHANTVILLE BOROUGH,Camden,45510,179000,R,NA,NA
342007170154,OAKLYN BOROUGH,Camden,53880,580000,I,NA,NA
342007170155,PINE HILL BOROUGH,Camden,58770,209000,I,NA,NA
342007170156,RUNNEMEDE BOROUGH,Camden,65160,833000,R,24000,R
342007170157,WOODLYNNE BOROUGH,Camden,82450,230000,I,NA,NA
342007186538,HADDON HEIGHTS BOROUGH,Camden,28800,734000,I,NA,NA
342007190895,LINDENWOLD BOROUGH,Camden,40440,619000,R,NA,NA
342007193729,LAUREL SPRINGS BOROUGH,Camden,39210,87000,R,72000,R
342007193730,SOMERDALE BOROUGH,Camden,68340,347000,R,1183000,R
342007204928,GIBBSBORO BOROUGH,Camden,26070,NA,NA,NA,NA
342007208761,AUDUBON BOROUGH,Camden,02200,586000,I,NA,NA
342007225079,MOUNT EPHRAIM BOROUGH,Camden,48750,226000,R,NA,NA
342009130833,WILDWOOD CITY,Cape May,81170,2114000,R,NA,NA
342009170158,AVALON BOROUGH,Cape May,02320,232000,R,1462000,R
342009170159,CAPE MAY POINT BOROUGH,Cape May,10330,12000,R,976000,R
342009170160,NORTH WILDWOOD CITY,Cape May,53490,120000,R,1450000,R
342009170161,WEST CAPE MAY BOROUGH,Cape May,78530,142000,I,NA,NA
342009170162,WOODBINE BOROUGH,Cape May,81890,9000,R,179000,R
342009184020,CAPE MAY CITY,Cape May,10270,2979000,R,NA,NA
342009184036,SEA ISLE CITY,Cape May,66390,759000,R,NA,NA
342009186539,OCEAN CITY CITY,Cape May,54360,7376000,R,NA,NA
342009193731,WEST WILDWOOD BOROUGH,Cape May,80210,NA,NA,NA,NA
342009208762,STONE HARBOR BOROUGH,Cape May,71010,106000,R,2431000,R
342009211390,WILDWOOD CREST BOROUGH,Cape May,81200,NA,NA,56000,R
342011170163,MILLVILLE CITY,Cumberland,46680,1085000,R,NA,NA
342011170164,VINELAND CITY,Cumberland,76070,3601000,R,10488000,R
342011204929,SHILOH BOROUGH,Cumberland,67020,14000,I,NA,NA
342011208763,BRIDGETON CITY,Cumberland,07600,NA,NA,NA,NA
342013109081,GLEN RIDGE BOROUGH,Essex,26610,386000,R,NA,NA
342013130834,ESSEX FELLS BOROUGH,Essex,21840,255000,I,NA,NA
342013130835,NEWARK CITY,Essex,51000,16958000,R,NA,NA
342013170166,CALDWELL BOROUGH,Essex,09250,449000,R,NA,NA
342013170167,EAST ORANGE CITY,Essex,19390,2634000,R,NA,NA
342013170169,ROSELAND BOROUGH,Essex,64590,350000,R,465000,R
342013190896,NORTH CALDWELL BOROUGH,Essex,52620,800000,I,NA,NA
342015109086,NEWFIELD BOROUGH,Gloucester,51390,156000,I,98000,I
342015109087,WESTVILLE BOROUGH,Gloucester,80120,239000,I,NA,NA
342015130836,NATIONAL PARK BOROUGH,Gloucester,49680,183000,I,NA,NA
342015130837,SWEDESBORO BOROUGH,Gloucester,71850,102000,R,19000,R
342015130838,WOODBURY CITY,Gloucester,82120,1800000,R,NA,NA
342015170173,CLAYTON BOROUGH,Gloucester,13360,524000,I,NA,NA
342015170174,PITMAN BOROUGH,Gloucester,59070,925000,I,NA,NA
342015170175,WENONAH BOROUGH,Gloucester,78110,194000,I,NA,NA
342015170176,WOODBURY HEIGHTS BOROUGH,Gloucester,82180,NA,NA,NA,NA
342015193733,GLASSBORO BOROUGH,Gloucester,26340,1726000,R,NA,NA
342015208764,PAULSBORO BOROUGH,Gloucester,57150,698000,I,NA,NA
342017109089,HARRISON TOWN,Hudson,30210,2515000,R,NA,NA
342017109091,UNION CITY CITY,Hudson,74630,3970000,R,NA,NA
342017130839,HOBOKEN CITY,Hudson,32250,636000,R,NA,NA
342017170177,EAST NEWARK BOROUGH,Hudson,19360,NA,NA,NA,NA
342017170178,GUTTENBERG TOWN,Hudson,28650,849000,I,NA,NA
342017170179,KEARNY TOWN,Hudson,36510,3773000,R,NA,NA
342017170180,WEST NEW YORK TOWN,Hudson,79610,2982000,R,NA,NA
342017193734,JERSEY CITY CITY,Hudson,36000,16576000,R,NA,NA
342017204930,SECAUCUS TOWN,Hudson,66570,5574000,R,NA,NA
342017208765,BAYONNE CITY,Hudson,03580,1486000,R,NA,NA
342019109094,GLEN GARDNER BOROUGH,Hunterdon,26550,129000,R,340000,R
342019130840,CALIFON BOROUGH,Hunterdon,09280,147000,I,NA,NA
342019130841,MILFORD BOROUGH,Hunterdon,46260,NA,NA,NA,NA
342019170181,BLOOMSBURY BOROUGH,Hunterdon,06370,145000,R,NA,NA
342019170182,CLINTON TOWN,Hunterdon,13720,NA,NA,NA,NA
342019170183,FLEMINGTON BOROUGH,Hunterdon,23700,284000,I,NA,NA
342019170184,HAMPTON BOROUGH,Hunterdon,29460,204000,I,NA,NA
342019170185,HIGH BRIDGE BOROUGH,Hunterdon,31320,384000,I,NA,NA
342019170186,LAMBERTVILLE CITY,Hunterdon,38610,25000,R,34000,R
342019190897,FRENCHTOWN BOROUGH,Hunterdon,25350,182000,I,NA,NA
342019193735,STOCKTON BOROUGH,Hunterdon,70980,83000,I,NA,NA
342019225828,LEBANON BOROUGH,Hunterdon,39630,NA,NA,NA,NA
342021109096,TRENTON CITY,Mercer,74000,1348000,R,NA,NA
342021130842,HOPEWELL BOROUGH,Mercer,33150,NA,NA,NA,NA
342021170187,HIGHTSTOWN BOROUGH,Mercer,31620,251000,I,NA,NA
342021170188,PENNINGTON BOROUGH,Mercer,57600,322000,I,NA,NA
342021170189,PRINCETON MUNICIPALITY,Mercer,60900,1863000,R,NA,NA
342023130843,CARTERET BOROUGH,Middlesex,10750,1145000,R,NA,NA
342023130844,JAMESBURG BOROUGH,Middlesex,34890,242000,I,NA,NA
342023130845,MILLTOWN BOROUGH,Middlesex,46620,370000,I,NA,NA
342023130846,SOUTH AMBOY CITY,Middlesex,68550,359000,I,NA,NA
342023170190,DUNELLEN BOROUGH,Middlesex,18490,NA,NA,NA,NA
342023170191,HELMETTA BOROUGH,Middlesex,30840,117000,R,NA,NA
342023170192,METUCHEN BOROUGH,Middlesex,45690,859000,I,NA,NA
342023170193,MIDDLESEX BOROUGH,Middlesex,45900,708000,I,NA,NA
342023170194,PERTH AMBOY CITY,Middlesex,58200,1413000,R,1453000,R
342023170195,SOUTH PLAINFIELD BOROUGH,Middlesex,69390,707000,R,NA,NA
342023170196,SOUTH RIVER BOROUGH,Middlesex,69420,610000,I,145000,I
342023170197,SPOTSWOOD BOROUGH,Middlesex,69810,666000,I,NA,NA
342023186549,SAYREVILLE BOROUGH,Middlesex,65790,NA,NA,NA,NA
342023193736,NEW BRUNSWICK CITY,Middlesex,51210,NA,NA,NA,NA
342023225460,HIGHLAND PARK BOROUGH,Middlesex,31470,NA,NA,NA,NA
342025109102,BRADLEY BEACH BOROUGH,Monmouth,06970,NA,NA,NA,NA
342025109103,FREEHOLD BOROUGH,Monmouth,25200,830000,I,NA,NA
342025109105,KEYPORT BOROUGH,Monmouth,36810,481000,I,99000,I
342025109106,TINTON FALLS BOROUGH,Monmouth,73020,1771000,R,NA,NA
342025109107,SHREWSBURY BOROUGH,Monmouth,67350,1042000,I,NA,NA
342025130847,ALLENTOWN BOROUGH,Monmouth,00760,145000,R,NA,NA
342025130848,BELMAR BOROUGH,Monmouth,04930,757000,R,2102000,R
342025130849,BRIELLE BOROUGH,Monmouth,07750,345000,I,NA,NA
342025130850,DEAL BOROUGH,Monmouth,16660,541000,I,NA,NA
342025130851,ENGLISHTOWN BOROUGH,Monmouth,21570,31000,I,NA,NA
342025130852,FARMINGDALE BOROUGH,Monmouth,22950,NA,NA,NA,NA
342025130853,HIGHLANDS BOROUGH,Monmouth,31500,555000,R,NA,NA
342025130854,KEANSBURG BOROUGH,Monmouth,36480,823000,R,200000,R
342025130855,LONG BRANCH CITY,Monmouth,41310,2943000,R,NA,NA
342025130856,ROOSEVELT BOROUGH,Monmouth,64410,32000,I,NA,NA
342025130857,LAKE COMO BOROUGH,Monmouth,37560,NA,NA,NA,NA
342025130858,WEST LONG BRANCH BOROUGH,Monmouth,79310,867000,I,NA,NA
342025170198,ASBURY PARK CITY,Monmouth,01960,1890000,R,NA,NA
342025170199,FAIR HAVEN BOROUGH,Monmouth,22440,779000,I,NA,NA
342025170200,MANASQUAN BOROUGH,Monmouth,43050,668000,R,525000,R
342025170201,MONMOUTH BEACH BOROUGH,Monmouth,47130,NA,NA,NA,NA
342025170202,OCEANPORT BOROUGH,Monmouth,54570,452000,R,1873000,R
342025170203,RED BANK BOROUGH,Monmouth,62430,1624000,R,NA,NA
342025170204,RUMSON BOROUGH,Monmouth,65130,1599000,I,NA,NA
342025170205,SEA GIRT BOROUGH,Monmouth,66330,861000,R,200000,R
342025170206,SPRING LAKE HEIGHTS BOROUGH,Monmouth,70140,220000,I,NA,NA
342025170207,UNION BEACH BOROUGH,Monmouth,74540,91000,R,1831000,R
342025170208,LOCH ARBOUR VILLAGE,Monmouth,41010,14000,I,NA,NA
342025184031,NEPTUNE CITY BOROUGH,Monmouth,49920,716000,I,NA,NA
342025184042,AVON BY THE SEA BOROUGH,Monmouth,02440,379000,I,NA,NA
342025190898,LITTLE SILVER BOROUGH,Monmouth,40770,1073000,R,2495000,R
342025193737,INTERLAKEN BOROUGH,Monmouth,34200,NA,NA,NA,NA
342025193738,SEA BRIGHT BOROUGH,Monmouth,66240,303000,I,NA,NA
342025208766,ATLANTIC HIGHLANDS BOROUGH,Monmouth,02110,NA,NA,NA,NA
342025208767,EATONTOWN BOROUGH,Monmouth,19840,3072000,R,NA,NA
342025208768,MATAWAN BOROUGH,Monmouth,44520,530000,I,NA,NA
342025208769,SPRING LAKE BOROUGH,Monmouth,70110,118000,I,NA,NA
342025225080,ALLENHURST BOROUGH,Monmouth,00730,NA,NA,NA,NA
342027109108,BOONTON TOWN,Morris,06610,NA,NA,NA,NA
342027109109,DOVER TOWN,Morris,18070,605000,R,NA,NA
342027109110,MENDHAM BOROUGH,Morris,45330,697000,I,NA,NA
342027109112,RIVERDALE BOROUGH,Morris,63300,385000,I,NA,NA
342027130859,BUTLER BOROUGH,Morris,09040,550000,R,NA,NA
342027130860,LINCOLN PARK BOROUGH,Morris,40290,1067000,R,NA,NA
342027130861,MORRIS PLAINS BOROUGH,Morris,48210,1592000,I,NA,NA
342027130862,NETCONG BOROUGH,Morris,50130,256000,I,NA,NA
342027170209,CHATHAM BOROUGH,Morris,12100,775000,I,NA,NA
342027170210,FLORHAM PARK BOROUGH,Morris,23910,1043000,R,NA,NA
342027170211,KINNELON BOROUGH,Morris,37110,1380000,I,NA,NA
342027170212,MADISON BOROUGH,Morris,42510,2353000,R,NA,NA
342027170213,MORRISTOWN TOWN,Morris,48300,3270000,R,NA,NA
342027170214,MOUNTAIN LAKES BOROUGH,Morris,48480,518000,R,786000,R
342027170215,MOUNT ARLINGTON BOROUGH,Morris,48690,343000,I,NA,NA
342027170216,ROCKAWAY BOROUGH,Morris,64050,492000,I,NA,NA
342027170217,VICTORY GARDENS BOROUGH,Morris,75890,186000,I,NA,NA
342027170218,WHARTON BOROUGH,Morris,80390,365000,I,NA,NA
342027212065,CHESTER BOROUGH,Morris,12580,293000,I,NA,NA
342029109114,BEACHWOOD BOROUGH,Ocean,04180,370000,I,NA,NA
342029109115,LAVALLETTE BOROUGH,Ocean,39390,1151000,R,NA,NA
342029109117,SEASIDE HEIGHTS BOROUGH,Ocean,66450,75000,R,NA,NA
342029130863,MANTOLOKING BOROUGH,Ocean,43380,NA,NA,NA,NA
342029130864,POINT PLEASANT BEACH BOROUGH,Ocean,59910,599000,I,NA,NA
342029130865,SHIP BOTTOM BOROUGH,Ocean,67110,251000,I,NA,NA
342029170219,HARVEY CEDARS BOROUGH,Ocean,30390,NA,NA,NA,NA
342029170220,ISLAND HEIGHTS BOROUGH,Ocean,34530,11000,I,NA,NA
342029170221,LAKEHURST BOROUGH,Ocean,37770,78000,I,NA,NA
342029170222,OCEAN GATE BOROUGH,Ocean,54450,88000,I,NA,NA
342029170223,PINE BEACH BOROUGH,Ocean,58590,36000,I,NA,NA
342029170224,POINT PLEASANT BOROUGH,Ocean,59880,1661000,R,NA,NA
342029170225,SEASIDE PARK BOROUGH,Ocean,66480,NA,NA,NA,NA
342029170226,SOUTH TOMS RIVER BOROUGH,Ocean,69510,8000,R,292000,R
342029170227,TUCKERTON BOROUGH,Ocean,74210,NA,NA,NA,NA
342029190899,BAY HEAD BOROUGH,Ocean,03520,64000,I,NA,NA
342029193739,BARNEGAT LIGHT BOROUGH,Ocean,03130,72000,I,NA,NA
342029204931,BEACH HAVEN BOROUGH,Ocean,03940,531000,I,NA,NA
342029212066,SURF CITY BOROUGH,Ocean,71640,NA,NA,NA,NA
342031109121,WOODLAND PARK BOROUGH,Passaic,82423,1297000,R,NA,NA
342031130866,HALEDON BOROUGH,Passaic,29070,NA,NA,NA,NA
342031130867,PASSAIC CITY,Passaic,56550,NA,NA,NA,NA
342031170228,BLOOMINGDALE BOROUGH,Passaic,06340,866000,I,NA,NA
342031170229,HAWTHORNE BOROUGH,Passaic,30570,1083000,R,NA,NA
342031170230,NORTH HALEDON BOROUGH,Passaic,53040,1443000,I,NA,NA
342031170231,POMPTON LAKES BOROUGH,Passaic,60090,483000,I,NA,NA
342031170232,WANAQUE BOROUGH,Passaic,76730,843000,I,NA,NA
342031184035,RINGWOOD BOROUGH,Passaic,63150,NA,NA,NA,NA
342031184046,PATERSON CITY,Passaic,57000,7801000,R,NA,NA
342031193740,TOTOWA BOROUGH,Passaic,73140,1353000,I,NA,NA
342031208770,PROSPECT PARK BOROUGH,Passaic,61170,355000,I,NA,NA
342031225827,CLIFTON CITY,Passaic,13690,2592000,R,NA,NA
342033130868,WOODSTOWN BOROUGH,Salem,82720,160000,I,NA,NA
342033170233,PENNS GROVE BOROUGH,Salem,57750,260000,I,NA,NA
342033170234,SALEM CITY,Salem,65490,346000,I,NA,NA
342033190900,ELMER BOROUGH,Salem,21240,6000,I,NA,NA
342035109123,RARITAN BOROUGH,Somerset,61980,301000,I,NA,NA
342035130869,NORTH PLAINFIELD BOROUGH,Somerset,53280,20000,R,NA,NA
342035130870,ROCKY HILL BOROUGH,Somerset,64320,81000,I,NA,NA
342035170235,BERNARDSVILLE BOROUGH,Somerset,05590,1505000,I,2000,I
342035170236,MANVILLE BOROUGH,Somerset,43620,217000,I,NA,NA
342035170237,MILLSTONE BOROUGH,Somerset,46590,150000,I,NA,NA
342035170238,SOUTH BOUND BROOK BOROUGH,Somerset,68730,NA,NA,NA,NA
342035193741,PEAPACK AND GLADSTONE BOROUGH,Somerset,57300,379000,I,NA,NA
342035208771,BOUND BROOK BOROUGH,Somerset,06790,769000,I,NA,NA
342035208772,SOMERVILLE BOROUGH,Somerset,68460,1739000,R,NA,NA
342035208773,WATCHUNG BOROUGH,Somerset,77600,NA,NA,NA,NA
342035225081,FAR HILLS BOROUGH,Somerset,22890,NA,NA,NA,NA
342037109124,BRANCHVILLE BOROUGH,Sussex,07300,140000,I,NA,NA
342037130871,ANDOVER BOROUGH,Sussex,01330,15000,R,5000,R
342037170239,FRANKLIN BOROUGH,Sussex,24930,NA,NA,NA,NA
342037170240,HAMBURG BOROUGH,Sussex,29220,358000,I,NA,NA
342037170241,HOPATCONG BOROUGH,Sussex,32910,1340000,R,NA,NA
342037204932,NEWTON TOWN,Sussex,51930,NA,NA,NA,NA
342037208774,STANHOPE BOROUGH,Sussex,70380,223000,R,1074000,R
342037212067,OGDENSBURG BOROUGH,Sussex,54660,250000,R,220000,R
342037225271,SUSSEX BOROUGH,Sussex,71670,159000,R,21000,R
342039109125,KENILWORTH BOROUGH,Union,36690,992000,I,NA,NA
342039109127,RAHWAY CITY,Union,61530,3833000,R,NA,NA
342039130872,PLAINFIELD CITY,Union,59190,4492000,R,NA,NA
342039130873,SUMMIT CITY,Union,71430,1322000,R,NA,NA
342039170242,FANWOOD BOROUGH,Union,22860,233000,R,779000,R
342039170243,GARWOOD BOROUGH,Union,25800,NA,NA,NA,NA
342039170244,MOUNTAINSIDE BOROUGH,Union,48510,938000,I,NA,NA
342039170245,NEW PROVIDENCE BOROUGH,Union,51810,NA,NA,NA,NA
342039170246,ROSELLE BOROUGH,Union,64620,3103000,R,NA,NA
342039170247,ROSELLE PARK BOROUGH,Union,64650,1295000,R,NA,NA
342039170248,WESTFIELD TOWN,Union,79040,5628000,R,NA,NA
342039190901,LINDEN CITY,Union,40350,2295000,R,NA,NA
342039204933,ELIZABETH CITY,Union,21000,1683000,R,NA,NA
342041109128,HACKETTSTOWN TOWN,Warren,28710,970000,I,NA,NA
342041130874,BELVIDERE TOWN,Warren,04990,582000,I,NA,NA
342041170249,PHILLIPSBURG TOWN,Warren,58350,846000,I,NA,NA
342041170250,WASHINGTON BOROUGH,Warren,77270,816000,I,NA,NA
342041193742,ALPHA BOROUGH,Warren,01030,NA,NA,NA,NA
343001130875,WEYMOUTH TOWNSHIP,Atlantic,80330,NA,NA,NA,NA
343001170251,BUENA VISTA TOWNSHIP,Atlantic,08710,632000,I,NA,NA
343001170252,EGG HARBOR TOWNSHIP,Atlantic,20290,1134000,I,NA,NA
343001170253,MULLICA TOWNSHIP,Atlantic,49410,232000,R,NA,NA
343001184023,GALLOWAY TOWNSHIP,Atlantic,25560,487000,I,NA,NA
343001184025,HAMILTON TOWNSHIP,Atlantic,29280,NA,NA,NA,NA
343003109130,SADDLE BROOK TOWNSHIP,Bergen,65340,1441000,I,NA,NA
343003130876,SOUTH HACKENSACK TOWNSHIP,Bergen,68970,697000,I,22000,I
343003130877,WYCKOFF TOWNSHIP,Bergen,83050,2040000,I,52000,I
343003170254,LYNDHURST TOWNSHIP,Bergen,42090,776000,I,NA,NA
343003170255,RIVER VALE TOWNSHIP,Bergen,63690,1557000,I,NA,NA
343003170256,ROCHELLE PARK TOWNSHIP,Bergen,63990,36000,R,NA,NA
343003170257,TEANECK TOWNSHIP,Bergen,72360,6547000,R,NA,NA
343003170258,WASHINGTON TOWNSHIP,Bergen,77135,NA,NA,NA,NA
343003212068,MAHWAH TOWNSHIP,Bergen,42750,1571000,R,NA,NA
343005109131,BURLINGTON TOWNSHIP,Burlington,08950,1615000,I,40000,I
343005109133,MANSFIELD TOWNSHIP,Burlington,43290,377000,I,2000,I
343005109134,NORTH HANOVER TOWNSHIP,Burlington,53070,133000,R,NA,NA
343005130878,EASTAMPTON TOWNSHIP,Burlington,18790,84000,I,34000,I
343005130879,MOORESTOWN TOWNSHIP,Burlington,47880,965000,R,2500000,R
343005130880,NEW HANOVER TOWNSHIP,Burlington,51510,NA,NA,NA,NA
343005130881,SHAMONG TOWNSHIP,Burlington,66810,449000,R,NA,NA
343005170259,BASS RIVER TOWNSHIP,Burlington,03370,81000,I,20000,I
343005170260,CINNAMINSON TOWNSHIP,Burlington,12940,2232000,R,NA,NA
343005170261,EDGEWATER PARK TOWNSHIP,Burlington,20050,475000,R,1443000,R
343005170262,HAINESPORT TOWNSHIP,Burlington,29010,421000,I,NA,NA
343005170263,LUMBERTON TOWNSHIP,Burlington,42060,526000,I,69000,I
343005170264,MAPLE SHADE TOWNSHIP,Burlington,43740,764000,R,1285000,R
343005170265,MOUNT LAUREL TOWNSHIP,Burlington,49020,NA,NA,NA,NA
343005170266,PEMBERTON TOWNSHIP,Burlington,57510,2077000,R,NA,NA
343005170267,SOUTHAMPTON TOWNSHIP,Burlington,68610,NA,NA,NA,NA
343005170268,TABERNACLE TOWNSHIP,Burlington,72060,767000,I,359000,I
343005170269,WILLINGBORO TOWNSHIP,Burlington,81440,1365000,R,NA,NA
343005170270,WOODLAND TOWNSHIP,Burlington,82420,103000,R,12000,R
343005184039,WESTAMPTON TOWNSHIP,Burlington,78200,710000,I,18000,I
343005186558,DELRAN TOWNSHIP,Burlington,17440,NA,NA,NA,NA
343005190902,CHESTERFIELD TOWNSHIP,Burlington,12670,483000,I,NA,NA
343005193743,BORDENTOWN TOWNSHIP,Burlington,06700,838000,R,NA,NA
343005193744,MOUNT HOLLY TOWNSHIP,Burlington,48900,643000,R,NA,NA
343005208775,DELANCO TOWNSHIP,Burlington,17080,571000,I,34000,I
343005208776,EVESHAM TOWNSHIP,Burlington,22110,1884000,R,NA,NA
343005208777,MEDFORD TOWNSHIP,Burlington,45120,516000,I,NA,NA
343005208778,RIVERSIDE TOWNSHIP,Burlington,63510,266000,I,NA,NA
343005208779,SPRINGFIELD TOWNSHIP,Burlington,69990,264000,I,50000,I
343005213193,FLORENCE TOWNSHIP,Burlington,23850,482000,I,17000,I
343005225018,WASHINGTON TOWNSHIP,Burlington,77150,60000,I,NA,NA
343007109137,WINSLOW TOWNSHIP,Camden,81740,1193000,R,1023000,R
343007130882,VOORHEES TOWNSHIP,Camden,76220,508000,R,NA,NA
343007170271,GLOUCESTER TOWNSHIP,Camden,26760,3394000,R,NA,NA
343007170272,HADDON TOWNSHIP,Camden,28740,1290000,I,NA,NA
343007170273,WATERFORD TOWNSHIP,Camden,77630,575000,I,NA,NA
343007184021,CHERRY HILL TOWNSHIP,Camden,12280,2930000,R,NA,NA
343007193745,PENNSAUKEN TOWNSHIP,Camden,57660,NA,NA,NA,NA
343007202162,BERLIN TOWNSHIP,Camden,05470,209000,I,7000,I
343009109138,UPPER TOWNSHIP,Cape May,74810,NA,NA,NA,NA
343009130883,DENNIS TOWNSHIP,Cape May,17560,234000,I,NA,NA
343009170274,LOWER TOWNSHIP,Cape May,41610,170000,R,2314000,R
343009170275,MIDDLE TOWNSHIP,Cape May,45810,1143000,R,1000000,R
343011109139,GREENWICH TOWNSHIP,Cumberland,28170,NA,NA,NA,NA
343011130884,DOWNE TOWNSHIP,Cumberland,18220,NA,NA,NA,NA
343011170276,COMMERCIAL TOWNSHIP,Cumberland,14710,1590000,R,10000,R
343011170277,DEERFIELD TOWNSHIP,Cumberland,16900,NA,NA,NA,NA
343011170278,FAIRFIELD TOWNSHIP,Cumberland,22350,642000,I,NA,NA
343011170279,LAWRENCE TOWNSHIP,Cumberland,39450,NA,NA,NA,NA
343011170280,STOW CREEK TOWNSHIP,Cumberland,71160,10000,I,2000,I
343011190903,HOPEWELL TOWNSHIP,Cumberland,33120,178000,R,NA,NA
343011211233,UPPER DEERFIELD TOWNSHIP,Cumberland,74870,NA,NA,NA,NA
343011212069,MAURICE RIVER TOWNSHIP,Cumberland,44580,305000,I,201000,I
343013109141,WEST ORANGE TOWNSHIP,Essex,79800,4452000,R,NA,NA
343013109142,BLOOMFIELD TOWNSHIP,Essex,06260,591000,R,NA,NA
343013130885,MAPLEWOOD TOWNSHIP,Essex,43800,NA,NA,NA,NA
343013130886,NUTLEY TOWNSHIP,Essex,53680,1617000,I,77000,I
343013130887,BELLEVILLE TOWNSHIP,Essex,04695,1962000,I,NA,NA
343013130888,IRVINGTON TOWNSHIP,Essex,34450,6316000,R,NA,NA
343013139282,WEST CALDWELL TOWNSHIP,Essex,78510,838000,I,55000,I
343013170281,LIVINGSTON TOWNSHIP,Essex,40890,934000,I,NA,NA
343013170282,MILLBURN TOWNSHIP,Essex,46380,5085000,R,NA,NA
343013170283,SOUTH ORANGE VILLAGE VILLAGE,Essex,69270,11435000,I,NA,NA
343013170284,FAIRFIELD TOWNSHIP,Essex,22385,NA,NA,NA,NA
343013170285,MONTCLAIR TOWNSHIP,Essex,47500,1643000,R,NA,NA
343013170287,VERONA TOWNSHIP,Essex,75815,NA,NA,NA,NA
343013170290,ORANGE CITY TOWNSHIP,Essex,13045,1559000,R,NA,NA
343013225643,CEDAR GROVE TOWNSHIP,Essex,11200,1362000,I,1735000,I
343015109148,WEST DEPTFORD TOWNSHIP,Gloucester,78800,505000,R,NA,NA
343015130889,EAST GREENWICH TOWNSHIP,Gloucester,19180,313000,I,30000,I
343015130890,GREENWICH TOWNSHIP,Gloucester,28185,741000,I,212000,I
343015130891,MONROE TOWNSHIP,Gloucester,47250,1728000,R,NA,NA
343015170291,DEPTFORD TOWNSHIP,Gloucester,17710,1390000,I,NA,NA
343015170292,ELK TOWNSHIP,Gloucester,21060,196000,I,11000,I
343015170293,FRANKLIN TOWNSHIP,Gloucester,24840,221000,I,NA,NA
343015170294,LOGAN TOWNSHIP,Gloucester,41160,244000,I,54000,I
343015170295,SOUTH HARRISON TOWNSHIP,Gloucester,69030,NA,NA,NA,NA
343015170296,WASHINGTON TOWNSHIP,Gloucester,77180,981000,R,3809000,R
343015170297,WOOLWICH TOWNSHIP,Gloucester,82840,450000,R,NA,NA
343015186561,HARRISON TOWNSHIP,Gloucester,30180,542000,I,NA,NA
343015193747,MANTUA TOWNSHIP,Gloucester,43440,855000,I,57000,I
343017130892,NORTH BERGEN TOWNSHIP,Hudson,52470,4909000,R,531000,R
343017170298,WEEHAWKEN TOWNSHIP,Hudson,77930,1843000,R,NA,NA
343019130893,CLINTON TOWNSHIP,Hunterdon,13750,1163000,I,NA,NA
343019130894,HOLLAND TOWNSHIP,Hunterdon,32460,904000,I,40000,I
343019170299,ALEXANDRIA TOWNSHIP,Hunterdon,00550,547000,R,556000,R
343019170300,BETHLEHEM TOWNSHIP,Hunterdon,05650,NA,NA,NA,NA
343019170301,EAST AMWELL TOWNSHIP,Hunterdon,18820,399000,I,5000,I
343019170302,FRANKLIN TOWNSHIP,Hunterdon,24870,NA,NA,NA,NA
343019170303,RARITAN TOWNSHIP,Hunterdon,61920,NA,NA,NA,NA
343019170304,UNION TOWNSHIP,Hunterdon,74420,447000,R,951000,R
343019184034,READINGTON TOWNSHIP,Hunterdon,62250,2171000,R,807000,R
343019190904,TEWKSBURY TOWNSHIP,Hunterdon,72510,909000,I,NA,NA
343019193748,KINGWOOD TOWNSHIP,Hunterdon,37065,738000,I,NA,NA
343019208780,LEBANON TOWNSHIP,Hunterdon,39660,896000,R,200000,R
343019208781,WEST AMWELL TOWNSHIP,Hunterdon,78230,337000,I,34000,I
343019225359,DELAWARE TOWNSHIP,Hunterdon,17170,1003000,R,420000,R
343021170305,EAST WINDSOR TOWNSHIP,Mercer,19780,443000,R,NA,NA
343021170306,HOPEWELL TOWNSHIP,Mercer,33180,2138000,R,NA,NA
343021170308,WEST WINDSOR TOWNSHIP,Mercer,80240,1459000,R,NA,NA
343021184022,EWING TOWNSHIP,Mercer,22185,993000,R,NA,NA
343021184026,HAMILTON TOWNSHIP,Mercer,29310,4270000,R,NA,NA
343021193749,ROBBINSVILLE TOWNSHIP,Mercer,63850,422000,I,NA,NA
343021211232,LAWRENCE TOWNSHIP,Mercer,39510,1919000,R,NA,NA
343023109153,EAST BRUNSWICK TOWNSHIP,Middlesex,19000,NA,NA,NA,NA
343023109155,PLAINSBORO TOWNSHIP,Middlesex,59280,329000,R,NA,NA
343023130895,CRANBURY TOWNSHIP,Middlesex,15550,554000,I,1000,I
343023130896,PISCATAWAY TOWNSHIP,Middlesex,59010,3174000,R,13428000,R
343023130897,WOODBRIDGE TOWNSHIP,Middlesex,82000,6097000,R,NA,NA
343023170309,OLD BRIDGE TOWNSHIP,Middlesex,54705,2720000,R,NA,NA
343023170310,MONROE TOWNSHIP,Middlesex,47280,1780000,I,NA,NA
343023170311,NORTH BRUNSWICK TOWNSHIP,Middlesex,52560,1507000,R,NA,NA
343023170312,EDISON TOWNSHIP,Middlesex,20230,1368000,R,NA,NA
343023184037,SOUTH BRUNSWICK TOWNSHIP,Middlesex,68790,2536000,R,3139000,R
343025109156,HOLMDEL TOWNSHIP,Monmouth,32640,1310000,I,NA,NA
343025109158,WALL TOWNSHIP,Monmouth,76460,2690000,I,NA,NA
343025130898,HOWELL TOWNSHIP,Monmouth,33300,4417000,R,NA,NA
343025130899,ABERDEEN TOWNSHIP,Monmouth,00070,1020000,R,NA,NA
343025130900,UPPER FREEHOLD TOWNSHIP,Monmouth,74900,392000,I,116000,I
343025170313,COLTS NECK TOWNSHIP,Monmouth,14560,1621000,R,957000,R
343025170314,FREEHOLD TOWNSHIP,Monmouth,25230,1359000,R,NA,NA
343025170315,MANALAPAN TOWNSHIP,Monmouth,42990,1943000,I,NA,NA
343025170316,MARLBORO TOWNSHIP,Monmouth,44070,2036000,R,NA,NA
343025170317,MIDDLETOWN TOWNSHIP,Monmouth,45990,4306000,I,NA,NA
343025170318,HAZLET TOWNSHIP,Monmouth,30690,882000,R,NA,NA
343025170319,SHREWSBURY TOWNSHIP,Monmouth,67365,139000,I,NA,NA
343025184032,OCEAN TOWNSHIP,Monmouth,54270,1109000,R,NA,NA
343025193750,MILLSTONE TOWNSHIP,Monmouth,46560,NA,NA,1481000,R
343025225644,NEPTUNE TOWNSHIP,Monmouth,49890,741000,R,NA,NA
343027109159,MONTVILLE TOWNSHIP,Morris,47670,1250000,R,2446000,R
343027109160,ROCKAWAY TOWNSHIP,Morris,64080,2910000,I,748000,I
343027130901,HARDING TOWNSHIP,Morris,29700,NA,NA,NA,NA
343027130902,ROXBURY TOWNSHIP,Morris,64980,NA,NA,NA,NA
343027170320,BOONTON TOWNSHIP,Morris,06640,419000,R,50000,R
343027170321,CHATHAM TOWNSHIP,Morris,12130,1252000,I,68000,I
343027170322,DENVILLE TOWNSHIP,Morris,17650,1514000,I,797000,I
343027170323,EAST HANOVER TOWNSHIP,Morris,19210,1012000,R,48000,R
343027170324,JEFFERSON TOWNSHIP,Morris,34980,2577000,R,2962000,R
343027170325,MENDHAM TOWNSHIP,Morris,45360,1420000,R,1700000,R
343027170326,MINE HILL TOWNSHIP,Morris,46860,499000,I,12000,I
343027170327,LONG HILL TOWNSHIP,Morris,41362,1123000,I,NA,NA
343027170328,RANDOLPH TOWNSHIP,Morris,61890,1843000,I,NA,NA
343027184045,MOUNT OLIVE TOWNSHIP,Morris,49080,1565000,R,NA,NA
343027186567,HANOVER TOWNSHIP,Morris,29550,1487000,R,434000,R
343027190905,PEQUANNOCK TOWNSHIP,Morris,58110,NA,NA,NA,NA
343027193751,PARSIPPANY-TROY HILLS TOWNSHIP,Morris,56460,2429000,R,NA,NA
343027204934,CHESTER TOWNSHIP,Morris,12610,1192000,R,461000,R
343027204935,MORRIS TOWNSHIP,Morris,48090,2720000,R,NA,NA
343027208782,WASHINGTON TOWNSHIP,Morris,77240,3319000,I,75000,I
343029109162,EAGLESWOOD TOWNSHIP,Ocean,18670,48000,I,14000,I
343029130903,TOMS RIVER TOWNSHIP,Ocean,73125,2772000,R,NA,NA
343029130904,PLUMSTED TOWNSHIP,Ocean,59790,90000,I,NA,NA
343029170329,BERKELEY TOWNSHIP,Ocean,05305,884000,R,43486000,R
343029170330,BRICK TOWNSHIP,Ocean,07420,264000,R,NA,NA
343029170331,JACKSON TOWNSHIP,Ocean,34680,1644000,R,1561000,R
343029170332,LONG BEACH TOWNSHIP,Ocean,41250,136000,R,NA,NA
343029170333,STAFFORD TOWNSHIP,Ocean,70320,886000,R,NA,NA
343029184041,LITTLE EGG HARBOR TOWNSHIP,Ocean,40560,713000,R,632000,R
343029186569,OCEAN TOWNSHIP,Ocean,54300,NA,NA,NA,NA
343029193752,BARNEGAT TOWNSHIP,Ocean,03050,535000,I,NA,NA
343029204936,LACEY TOWNSHIP,Ocean,37380,2257000,I,12000,I
343029208783,LAKEWOOD TOWNSHIP,Ocean,38550,4365000,R,NA,NA
343029208784,MANCHESTER TOWNSHIP,Ocean,43140,1866000,R,NA,NA
343031109165,WAYNE TOWNSHIP,Passaic,77840,4013000,R,NA,NA
343031130905,LITTLE FALLS TOWNSHIP,Passaic,40620,1769000,I,55000,I
343031208785,WEST MILFORD TOWNSHIP,Passaic,79460,905000,I,NA,NA
343033109166,MANNINGTON TOWNSHIP,Salem,43200,179000,I,10000,I
343033109167,CARNEYS POINT TOWNSHIP,Salem,10610,NA,NA,NA,NA
343033130906,ELSINBORO TOWNSHIP,Salem,21330,39000,I,23000,I
343033130907,PITTSGROVE TOWNSHIP,Salem,59130,NA,NA,NA,NA
343033130908,UPPER PITTSGROVE TOWNSHIP,Salem,75110,156000,I,13000,I
343033170334,ALLOWAY TOWNSHIP,Salem,00880,207000,R,90000,R
343033170335,LOWER ALLOWAYS CREEK TOWNSHIP,Salem,41640,570000,R,170000,R
343033170336,PENNSVILLE TOWNSHIP,Salem,57870,1900000,R,1520000,R
343033170337,OLDMANS TOWNSHIP,Salem,54810,83000,I,56000,I
343033170338,PILESGROVE TOWNSHIP,Salem,58530,220000,I,29000,I
343033170339,QUINTON TOWNSHIP,Salem,61470,195000,I,24000,I
343035130909,HILLSBOROUGH TOWNSHIP,Somerset,31890,3488000,I,274000,I
343035170340,BEDMINSTER TOWNSHIP,Somerset,04450,1050000,I,17000,I
343035170341,GREEN BROOK TOWNSHIP,Somerset,27510,448000,I,8000,I
343035170342,MONTGOMERY TOWNSHIP,Somerset,47580,2369000,R,NA,NA
343035170343,WARREN TOWNSHIP,Somerset,76940,2055000,R,NA,NA
343035184019,BRIDGEWATER TOWNSHIP,Somerset,07720,NA,NA,500000,R
343035186570,FRANKLIN TOWNSHIP,Somerset,24900,2261000,R,1770000,R
343035193753,BRANCHBURG TOWNSHIP,Somerset,07180,2194000,I,200000,I
343035194989,BERNARDS TOWNSHIP,Somerset,05560,1911000,I,NA,NA
343037109170,FRANKFORD TOWNSHIP,Sussex,24810,903000,R,105000,R
343037109172,WALPACK TOWNSHIP,Sussex,76640,NA,NA,NA,NA
343037130910,HARDYSTON TOWNSHIP,Sussex,29850,1004000,I,36000,I
343037130911,SPARTA TOWNSHIP,Sussex,69690,1226000,I,NA,NA
343037130912,WANTAGE TOWNSHIP,Sussex,76790,775000,I,151000,I
343037170344,ANDOVER TOWNSHIP,Sussex,01360,900000,I,50000,I
343037170345,BYRAM TOWNSHIP,Sussex,09160,1576000,R,NA,NA
343037170346,GREEN TOWNSHIP,Sussex,27420,571000,I,NA,NA
343037170347,HAMPTON TOWNSHIP,Sussex,29490,896000,I,NA,NA
343037170348,MONTAGUE TOWNSHIP,Sussex,47430,322000,R,140000,R
343037170349,SANDYSTON TOWNSHIP,Sussex,65700,NA,NA,NA,NA
343037170350,STILLWATER TOWNSHIP,Sussex,70890,486000,I,3000,I
343037170351,VERNON TOWNSHIP,Sussex,75740,1637000,I,NA,NA
343037190906,FREDON TOWNSHIP,Sussex,25140,650000,I,19000,I
343039170352,BERKELEY HEIGHTS TOWNSHIP,Union,05320,1091000,I,69000,I
343039170353,CLARK TOWNSHIP,Union,13150,2201000,I,NA,NA
343039170354,CRANFORD TOWNSHIP,Union,15640,2929000,I,19000,I
343039170355,SPRINGFIELD TOWNSHIP,Union,70020,2053000,I,19000,I
343039170356,WINFIELD TOWNSHIP,Union,81650,NA,NA,NA,NA
343039186571,HILLSIDE TOWNSHIP,Union,31980,2080000,R,NA,NA
343039194423,SCOTCH PLAINS TOWNSHIP,Union,66060,2551000,I,17000,I
343039212655,UNION TOWNSHIP,Union,74480,2802000,R,NA,NA
343041109173,FRANKLIN TOWNSHIP,Warren,24960,258000,R,40000,R
343041109174,INDEPENDENCE TOWNSHIP,Warren,33930,359000,R,133000,R
343041109175,OXFORD TOWNSHIP,Warren,55530,394000,I,NA,NA
343041130913,ALLAMUCHY TOWNSHIP,Warren,00670,286000,I,27000,I
343041130914,FRELINGHUYSEN TOWNSHIP,Warren,25320,329000,I,15000,I
343041130915,HOPE TOWNSHIP,Warren,33060,147000,I,NA,NA
343041130916,WASHINGTON TOWNSHIP,Warren,77300,1351000,I,NA,NA
343041170357,BLAIRSTOWN TOWNSHIP,Warren,06160,265000,I,NA,NA
343041170358,HARDWICK TOWNSHIP,Warren,29820,347000,I,NA,NA
343041170359,KNOWLTON TOWNSHIP,Warren,37320,409000,I,14000,I
343041170360,LIBERTY TOWNSHIP,Warren,40110,197000,R,NA,NA
343041170362,WHITE TOWNSHIP,Warren,80570,343000,R,35000,R
343041190907,MANSFIELD TOWNSHIP,Warren,43320,88000,R,NA,NA
343041193754,GREENWICH TOWNSHIP,Warren,28260,373000,I,4000,I
343041193755,POHATCONG TOWNSHIP,Warren,59820,530000,I,68000,I
343041208786,HARMONY TOWNSHIP,Warren,30090,349000,I,NA,NA
343041208787,LOPATCONG TOWNSHIP,Warren,41490,691000,R,NA,NA
