county,name_njdot,njdot_miles,authority_miles,county_miles,municipal_miles,total_miles
Atlantic,Somers Point City,3.4099999999999997,2.68,4.54,44.32,54.949999999999996
Atlantic,Northfield City,1.91,0,8.43,36.43,46.77
Atlantic,Buena Boro,2.9899999999999998,0,11.719999999999999,24.9,39.61
Atlantic,Ventnor City,0,0,2.42,34.61,37.03
Atlantic,Absecon City,7.05,0,7.54,35.879999999999995,50.47
Atlantic,Margate City,0,0,2.55,40.02,42.57
Atlantic,Folsom Boro,6.37,0,4,17.32,27.69
Atlantic,Linwood City,2.4899999999999998,0,3.15,38.15,43.790000000000006
Atlantic,Atlantic City,5.56,8.8,0.8600000000000001,87.66,102.88
Atlantic,Corbin City,2.3699999999999997,0,4.3,3.52,10.19
Atlantic,Egg Harbor City,1.58,0,14.350000000000001,36.87,52.8
Atlantic,Weymouth Twp,1.08,0,9.8,26.07,36.949999999999996
Atlantic,Brigantine City,0.06,0.11,3.74,60.89,64.8
Atlantic,Egg Harbor Twp,10.1,16.69,63.28,212.98000000000002,303.05
Atlantic,Hamilton Twp,32.91,14,40.6,179.82000000000002,267.33
Atlantic,Port Republic City,1.81,3.65,9.7,8.34,23.5
Atlantic,Mullica Twp,8.07,0,38.260000000000005,60.03,106.36
Atlantic,Pleasantville City,4.26,3.2,7.56,54.230000000000004,69.25
Atlantic,Galloway Twp,16.66,5.68,60.01,186.5,268.85
Atlantic,Estell Manor City,10.51,0,20.22,26.330000000000002,57.06
Atlantic,Longport Boro,0,0,0.7799999999999999,12.78,13.56
Atlantic,Hammonton Town,14.65,4.2,29.64,78.54,127.03
Atlantic,Buena Vista Twp,9.6,0,21.45,89.88,120.93
Bergen,Westwood Boro,0,0,8.06,31.23,39.290000000000006
Bergen,Wallington Boro,0,0,2.86,16.07,18.93
Bergen,Ramsey Boro,2.05,0,11.6,51.87,65.52
Bergen,Midland Park Boro,0,0,4.02,21.67,25.69
Bergen,Rutherford Boro,3.36,0.48000000000000004,6.48,36.48,46.8
Bergen,Hasbrouck Heights Boro,2.57,0,4.74,29.330000000000002,36.64
Bergen,South Hackensack Twp,0.99,0,1.6,8.370000000000001,10.96
Bergen,River Vale Twp,0,0,9.68,37.839999999999996,47.52
Bergen,Wood-Ridge Boro,0.65,0,2.3,16.650000000000002,19.6
Bergen,Ridgefield Park Village,1.36,1.6600000000000001,4.38,21.64,29.04
Bergen,Englewood Cliffs Boro,2.82,2.79,1.6600000000000001,27.89,35.160000000000004
Bergen,Waldwick Boro,0.6699999999999999,0,3.77,31.86,36.3
Bergen,Lyndhurst Twp,2.15,1.06,5.02,37.720000000000006,45.949999999999996
Bergen,Alpine Boro,5.859999999999999,6.02,2.4,17.8,32.08
Bergen,Edgewater Boro,0.81,0,4,6.38,11.19
Bergen,Dumont Boro,0,0,4.58,43.42,48
Bergen,Franklin Lakes Boro,4.58,0,16.75,72.45,93.78
Bergen,Demarest Boro,0,0,5.71,21.56,27.27
Bergen,River Edge Boro,0.38,0,3.8499999999999996,29.62,33.849999999999994
Bergen,Glen Rock Boro,0.5700000000000001,0,8.870000000000001,35.36,44.8
Bergen,Harrington Park Boro,0,0,5.619999999999999,21.04,26.66
Bergen,Englewood City,1.94,0.43000000000000005,7.72,62.52,72.61
Bergen,Upper Saddle River Boro,0.61,0,7.83,51.56,60
Bergen,Teterboro Boro,1.07,0,0.3,3.2800000000000002,4.6499999999999995
Bergen,Tenafly Boro,1.5,1.49,6.85,54.690000000000005,64.53
Bergen,Haworth Boro,0,0,4.14,19.66,23.8
Bergen,Maywood Boro,0.31,0,3.54,21.06,24.91
Bergen,Garfield City,0.13,0,6.48,42.67,49.28
Bergen,Hackensack City,2.4899999999999998,0,15.03,62.1,79.61999999999999
Bergen,Bergenfield Boro,0,0,5.75,54.75,60.5
Bergen,Allendale Boro,0.38,0,8.1,24.99,33.47
Bergen,Mahwah Twp,7.92,0,20.459999999999997,83.1,111.48
Bergen,Oakland Boro,2.9,0,9.77,55.15,67.82
Bergen,Park Ridge Boro,0,0,6.970000000000001,32.2,39.17
Bergen,Leonia Boro,1.56,0.81,1.12,19.56,23.05
Bergen,Teaneck Twp,3.4699999999999998,1.29,10.77,103.98,119.51
Bergen,Lodi Boro,3.2,0,4.6899999999999995,32.3,40.190000000000005
Bergen,Woodcliff Lake Boro,0,2.2,9.47,35.2,46.87
Bergen,Paramus Boro,7.72,4.41,19,90.79,121.92
Bergen,North Arlington Boro,2.18,0,3.06,25.9,31.14
Bergen,Ho Ho Kus Boro,1.01,0,6.01,19.5,26.52
Bergen,Hillsdale Boro,0,0.6599999999999999,9.129999999999999,38.13,47.92
Bergen,Cresskill Boro,0,0,3.3699999999999997,33.64,37.01
Bergen,Moonachie Boro,0,0,3,9.83,12.83
Bergen,Fort Lee Boro,5.98,3.2600000000000002,6.07,35.65,50.96
Bergen,Washington Twp,0,1.82,6.9,34.760000000000005,43.48
Bergen,Saddle Brook Twp,2.4,0.97,6.7700000000000005,31.53,41.67
Bergen,Cliffside Park Boro,0,0,4.18,20.18,24.36
Bergen,Closter Boro,0,0,9.27,34.07,43.339999999999996
Bergen,Fairview Boro,1.55,0,2.13,13.48,17.16
Bergen,Bogota Boro,0.38,0,2.3899999999999997,14.9,17.67
Bergen,Fair Lawn Boro,4.470000000000001,0,11.129999999999999,83.97,99.57
Bergen,New Milford Boro,0,0,4.81,42.6,47.41
Bergen,Emerson Boro,0,0,2.3299999999999996,28.54,30.87
Bergen,Ridgewood Village,1.1400000000000001,0,13.56,80,94.7
Bergen,Montvale Boro,0,1.79,8.49,36.89,47.17
Bergen,Palisades Park Boro,4.1899999999999995,0,1.01,22.8,28
Bergen,Wyckoff Twp,2.42,0,12.6,77.61999999999999,92.64
Bergen,Rochelle Park Twp,1.05,0.63,3.14,13.34,18.16
Bergen,Oradell Boro,0,0,5.109999999999999,30.06,35.17
Bergen,Old Tappan Boro,0,0,5.18,27.54,32.720000000000006
Bergen,Saddle River Boro,1.95,0,10.88,26.93,39.760000000000005
Bergen,Elmwood Park Boro,3.4,1.6400000000000001,5.95,41.790000000000006,52.78
Bergen,Northvale Boro,0,0,2.52,19.85,22.37
Bergen,Little Ferry Boro,0.8300000000000001,0,3.42,15.950000000000001,20.2
Bergen,Carlstadt Boro,1.36,2.13,2.8499999999999996,21.279999999999998,27.62
Bergen,Ridgefield Boro,3.52,2.9299999999999997,3.4499999999999997,21.1,31
Bergen,Norwood Boro,0,0,7.04,18.66,25.7
Bergen,East Rutherford Boro,4.44,1.6800000000000002,4.2,21.69,32.01
Bergen,Rockleigh Boro,0,0,1.82,2.74,4.56
Burlington,Eastampton Twp,1.08,0,9.43,19.759999999999998,30.27
Burlington,Maple Shade Twp,5.95,0,3.38,42.02,51.349999999999994
Burlington,Delanco Twp,0.26,0,4.42,14.629999999999999,19.310000000000002
Burlington,Riverton Boro,0,0,1.6300000000000001,12.26,13.89
Burlington,Bordentown City,0.39,0,2.25,10.03,12.67
Burlington,Moorestown Twp,2.72,0,22.479999999999997,98.45,123.64999999999999
Burlington,Willingboro Twp,1.56,0,11.7,109,122.26
Burlington,Westampton Twp,2.8299999999999996,4.1,17.53,30.88,55.339999999999996
Burlington,Palmyra Boro,0.98,0.54,3.11,22.84,27.47
Burlington,Mansfield Twp,13.62,6.63,18.419999999999998,35.91,74.58
Burlington,Burlington Twp,5.359999999999999,1.6500000000000001,16.88,77.19,101.08
Burlington,Cinnaminson Twp,3.8699999999999997,0,9.139999999999999,67.97,80.98
Burlington,Springfield Twp,6.94,2.3699999999999997,29.29,33.87,72.47
Burlington,Shamong Twp,6.470000000000001,0,17.419999999999998,53.56,77.45
Burlington,Pemberton Boro,0,0,2.03,5.18,7.21
Burlington,Delran Twp,2.3499999999999996,0,6.5,52.339999999999996,61.190000000000005
Burlington,Medford Lakes Boro,0,0,1.4,26.04,27.439999999999998
Burlington,Mount Laurel Twp,13.55,7.52,33.93,116.69,171.69
Burlington,Southampton Twp,18.439999999999998,0,20.56,74.72,113.72
Burlington,Hainesport Twp,2.8299999999999996,0,9.47,30.64,42.94
Burlington,Wrightstown Boro,0.47000000000000003,0,1.1800000000000002,2.7,4.35
Burlington,Edgewater Park Twp,1.27,0,4.819999999999999,22.69,28.779999999999998
Burlington,Beverly City,0,0,1.6900000000000002,10.91,12.6
Burlington,Lumberton Twp,2.1,0,17.110000000000003,45.67,64.88
Burlington,Mount Holly Twp,0.8700000000000001,0,8.450000000000001,29.62,38.94
Burlington,Tabernacle Twp,3.54,0,12.61,73.89,90.04
Burlington,Riverside Twp,0,0,3.25,24.16,27.41
Burlington,Pemberton Twp,6.75,0,52.65,160.85000000000002,220.25
Burlington,Florence Twp,4.52,3.3,14.11,50.08,72.01
Burlington,Washington Twp,0,0,24.99,29.459999999999997,54.449999999999996
Burlington,Fieldsboro Boro,0,0,0.64,2.69,3.3299999999999996
Burlington,Bass River Twp,5.24,6.76,14.629999999999999,23.150000000000002,49.78
Burlington,Woodland Twp,13.51,0,15.47,44.790000000000006,73.77
Burlington,Medford Twp,4.13,0,20.02,162.94,187.09
Burlington,New Hanover Twp,0.32,0,5.1899999999999995,18.8,24.310000000000002
Burlington,Bordentown Twp,10.870000000000001,2.16,5.1499999999999995,38.68,56.86
Burlington,Chesterfield Twp,0,2.12,18.17,39.44,59.730000000000004
Burlington,North Hanover Twp,0,0,20.419999999999998,22.310000000000002,42.730000000000004
Burlington,Evesham Twp,8.8,0,15.360000000000001,160.92000000000002,185.08
Burlington,Burlington City,2.67,0.39,3.72,35.93,42.71
Camden,Gibbsboro Boro,0,0,7.1499999999999995,10.27,17.419999999999998
Camden,Cherry Hill Twp,18.22,4.23,40.260000000000005,246.36,309.07
Camden,Haddon Heights Boro,2.24,0,6.819999999999999,21.84,30.9
Camden,Audubon Park Boro,0.24000000000000002,0.2,0.12000000000000001,2.48,3.04
Camden,Hi-Nella Boro,0,0,0.8500000000000001,2.32,3.17
Camden,Pennsauken Twp,10.11,2,26.479999999999997,106.57,145.16
Camden,Lawnside Boro,1.9,1.41,3.8899999999999997,10.78,17.979999999999997
Camden,Oaklyn Boro,0.69,0,3.68,7.58,11.950000000000001
Camden,Camden City,7.17,2.3899999999999997,26.56,144.87,180.99
Camden,Haddon Twp,1.79,0,9.47,40.06,51.32
Camden,Mount Ephraim Boro,1.07,0,2.3499999999999996,13.34,16.759999999999998
Camden,Berlin Boro,4.33,0,9.99,27.67,41.99
Camden,Stratford Boro,1.11,0,3.21,21.77,26.09
Camden,Clementon Boro,0.99,0,7.819999999999999,15.209999999999999,24.02
Camden,Tavistock Boro,0.17,0,0,0,0.17
Camden,Gloucester City,2.63,0.72,7.1,29.330000000000002,39.78
Camden,Magnolia Boro,0.9400000000000001,0,3.15,13.34,17.43
Camden,Waterford Twp,3.98,0,24.8,59.17,87.95
Camden,Lindenwold Boro,1.35,0,12.15,31.82,45.32
Camden,Bellmawr Boro,4.57,0.92,5.619999999999999,34.879999999999995,45.99
Camden,Collingswood Boro,1.94,0,9.1,30.24,41.28
Camden,Barrington Boro,1.3900000000000001,1.01,5.22,17.95,25.57
Camden,Audubon Boro,1.2,0,6.430000000000001,22.21,29.84
Camden,Berlin Twp,2.21,0,6.39,27.74,36.339999999999996
Camden,Pine Hill Boro,0,0,7.98,24.6,32.58
Camden,Brooklawn Boro,1.28,0,1.1300000000000001,5.92,8.33
Camden,Winslow Twp,16.67,11.2,64.72,157.72,250.31
Camden,Runnemede Boro,2.3299999999999996,1.1700000000000002,2.34,25.29,31.130000000000003
Camden,Gloucester Twp,9.1,2.4,44.48,184.88000000000002,240.86
Camden,Merchantville Boro,0,0,4.52,8.38,12.9
Camden,Somerdale Boro,1.23,0,3.52,19.37,24.12
Camden,Chesilhurst Boro,1.1500000000000001,0,4.34,14.46,19.95
Camden,Voorhees Twp,2.4099999999999997,0,20.5,98.03,120.94000000000001
Camden,Laurel Springs Boro,0.21000000000000002,0,1.78,8.52,10.51
Camden,Haddonfield Boro,0.09,0.13,8.629999999999999,37.839999999999996,46.690000000000005
Camden,Woodlynne Boro,0.19,0,0.3,5.2,5.6899999999999995
Cape May,North Wildwood City,0.96,0,1.42,33.190000000000005,35.57
Cape May,Wildwood Crest Boro,0,0,2.05,29.830000000000002,31.88
Cape May,West Wildwood Boro,0,0,0.8,4.79,5.59
Cape May,Avalon Boro,0,0,5.29,36.339999999999996,41.63
Cape May,Ocean City,1.91,0,9.55,114.53,125.99000000000001
Cape May,Stone Harbor Boro,0,0,2.73,21.38,24.110000000000003
Cape May,Upper Twp,19.3,8.75,41.8,72.04,141.89000000000001
Cape May,Middle Twp,29.06,11.370000000000001,44.94,103.89,189.26
Cape May,Cape May City,0,0,6.45,25.2,31.650000000000002
Cape May,Sea Isle City,0,0,5.53,27.47,33
Cape May,Wildwood City,0.08,0,2.32,30.08,32.48
Cape May,Lower Twp,6.23,6.31,34.160000000000004,134.13,180.83
Cape May,Dennis Twp,16.69,4.17,34.59,56.99,112.44000000000001
Cape May,Cape May Point Boro,0,0,1.87,5.52,7.39
Cape May,West Cape May Boro,0,0,3.18,8.69,11.870000000000001
Cape May,Woodbine Boro,0,0,12.84,19.58,32.42
Cumberland,Shiloh Boro,1.1300000000000001,0,3.17,1.54,5.84
Cumberland,Stow Creek Twp,1.97,0,31.36,10.66,43.99
Cumberland,Greenwich Twp,0,0,24.55,8.370000000000001,32.92
Cumberland,Fairfield Twp,3.66,0,39.89,30.419999999999998,73.97
Cumberland,Upper Deerfield Twp,9.79,0,64.28,33.05,107.11999999999999
Cumberland,Commercial Twp,0,0,33.06,43.57,76.63
Cumberland,Hopewell Twp,2.65,0,52.63,27.02,82.3
Cumberland,Millville City,22.439999999999998,0,41.4,116.46000000000001,180.3
Cumberland,Maurice River Twp,20.09,0,47.52,43.43,111.04
Cumberland,Downe Twp,0,0,32.690000000000005,22.23,54.92
Cumberland,Bridgeton City,4.970000000000001,0,20.07,47.09,72.13
Cumberland,Lawrence Twp,0,0,27.759999999999998,38.37,66.13
Cumberland,Vineland City,19.88,0,77.91000000000001,251.05,348.84000000000003
Cumberland,Deerfield Twp,2.6,0,38.21,10.450000000000001,51.260000000000005
Essex,South Orange Twp,0,0,5.88,43.260000000000005,49.14
Essex,Newark City,22.66,9.4,14.950000000000001,320.65000000000003,367.66
Essex,Glen Ridge Boro,0,0,5.1,18.19,23.29
Essex,East Orange City,3.08,2.34,6.3,72.01,83.73
Essex,Cedar Grove Twp,3.2800000000000002,0,9.219999999999999,34.339999999999996,46.839999999999996
Essex,Essex Fells Boro,0,0,1.6800000000000002,15.31,16.99
Essex,Fairfield Boro,8.78,0,13.139999999999999,40.94,62.86
Essex,Maplewood Twp,0.03,0,4.470000000000001,54.67,59.17
Essex,West Orange Twp,5.46,0,19.93,89.51,114.9
Essex,Belleville Twp,3.74,0,6.21,56.7,66.64999999999999
Essex,North Caldwell Boro,0,0,5.98,29.19,35.17
Essex,Orange City,2.21,0,4.430000000000001,38.06,44.7
Essex,West Caldwell Boro,0,0,8.66,37.06,45.720000000000006
Essex,Verona Twp,0.72,0,5.23,32.13,38.08
Essex,Nutley Twp,2.4499999999999997,0.7799999999999999,7.79,56.949999999999996,67.97
Essex,Livingston Twp,4.57,0,26.04,107.73,138.34
Essex,Caldwell Boro,0,0,3.66,14.709999999999999,18.37
Essex,Millburn Twp,2.8499999999999996,0,16.55,80.7,100.1
Essex,Bloomfield Twp,0,4.23,14.25,76.48,94.96000000000001
Essex,Montclair Twp,0,0,13.94,86.81,100.75
Essex,Irvington Twp,0.17,2.6,10.69,55.809999999999995,69.27
Essex,Roseland Boro,2.56,0,8.31,14.08,24.95
Gloucester,Elk Twp,7.63,0,32.61,26.91,67.14999999999999
Gloucester,Woodbury City,2.07,0,5.04,29.130000000000003,36.24
Gloucester,Greenwich Twp,5.38,0,8.96,23.3,37.64
Gloucester,Westville Boro,3.67,0,1.58,12.719999999999999,17.97
Gloucester,Woolwich Twp,3.66,5.71,32.03,51.96,93.36
Gloucester,Woodbury Heights Boro,0.53,0.98,2.4299999999999997,14.99,18.93
Gloucester,Deptford Twp,18.75,3.4,30.259999999999998,100.09,152.5
Gloucester,Paulsboro Boro,1.82,0,1.62,22.66,26.1
Gloucester,East Greenwich Twp,0.75,4.659999999999999,23.68,48.05,77.14
Gloucester,Newfield Boro,0.12000000000000001,0,2.27,9.67,12.06
Gloucester,Glassboro Boro,7.53,0,13.29,59.230000000000004,80.05
Gloucester,Harrison Twp,7.07,0.1,30.73,57.33,95.23
Gloucester,South Harrison Twp,3.54,0,21.959999999999997,22.43,47.93
Gloucester,Pitman Boro,0.07,0,7.430000000000001,29.68,37.18
Gloucester,West Deptford Twp,11.98,1.86,19.66,64.27,97.77
Gloucester,Mantua Twp,6.72,0,31.18,55.14,93.04
Gloucester,Clayton Boro,2.8,0,8.360000000000001,32.92,44.08
Gloucester,Washington Twp,8.3,1.09,38.47,155.34,203.2
Gloucester,Franklin Twp,19.49,0,38.660000000000004,120.01,178.16
Gloucester,National Park Boro,0,0,3.09,12.59,15.68
Gloucester,Logan Twp,18,2.22,19.01,35.27,74.5
Gloucester,Swedesboro Boro,0,0,3.63,7.29,10.92
Gloucester,Wenonah Boro,0,0,1.79,13.719999999999999,15.51
Gloucester,Monroe Twp,16.259999999999998,0,32.32,134.41,182.99
Hudson,Bayonne City,4.04,1.91,3.9099999999999997,71.64,81.5
Hudson,East Newark Boro,0,0,0.44,2.27,2.71
Hudson,Guttenberg Town,0,0,0.44,4.1499999999999995,4.59
Hudson,Kearny Town,7.88,5.5,8.99,49.15,71.52
Hudson,Hoboken City,0,0,8.89,24.01,32.9
Hudson,Union City,0.64,0.15000000000000002,3.48,37.36,41.63
Hudson,Harrison Town,1.35,0,1.57,15.229999999999999,18.150000000000002
Hudson,North Bergen Twp,5.5,1.3900000000000001,8.54,49.7,65.13
Hudson,Weehawken Twp,0,1.43,2.34,13.57,17.34
Hudson,Jersey City,12.47,6.119999999999999,8.2,193.85000000000002,220.64
Hudson,Secaucus Town,1.75,4.7700000000000005,6.109999999999999,35.36,47.99
Hudson,West New York Town,0,0,2.24,22.150000000000002,24.39
Hunterdon,Clinton Twp,15.01,0,18.279999999999998,89.03,122.32
Hunterdon,East Amwell Twp,8.04,0,16.7,43.660000000000004,68.4
Hunterdon,Califon Boro,0,0,2,6.37,8.370000000000001
Hunterdon,Stockton Boro,1.31,0,0.28,2.42,4.01
Hunterdon,High Bridge Boro,0,0,2.01,18.99,21
Hunterdon,Alexandria Twp,0,0,22.66,52.309999999999995,74.97
Hunterdon,Holland Twp,0,0,16.69,45.849999999999994,62.54
Hunterdon,Bethlehem Twp,7.64,0,7.859999999999999,42.260000000000005,57.760000000000005
Hunterdon,Hampton Boro,1.1300000000000001,0,1.05,7.35,9.53
Hunterdon,Lambertville City,3.09,0.11,0.7,13.229999999999999,17.130000000000003
Hunterdon,Milford Boro,0,0,2.48,7.859999999999999,10.34
Hunterdon,Readington Twp,13.29,0,19.99,145.14,178.42000000000002
Hunterdon,Delaware Twp,5.94,0.35,20.71,69.84,96.84
Hunterdon,Tewksbury Twp,1.02,0,15.39,82.77,99.17999999999999
Hunterdon,Flemington Boro,1.59,0,0.7799999999999999,11.53,13.9
Hunterdon,Glen Gardner Boro,1.6900000000000002,0,1.36,7.84,10.89
Hunterdon,Raritan Twp,12.729999999999999,0,23.71,163.75,200.19
Hunterdon,Clinton Town,3.4899999999999998,0,0,8.719999999999999,12.209999999999999
Hunterdon,Franklin Twp,0.63,0,19.55,33.71,53.89
Hunterdon,Bloomsbury Boro,1.29,0,0.49,5.29,7.07
Hunterdon,Frenchtown Boro,1.6,0.12000000000000001,0.7,8.02,10.44
Hunterdon,Lebanon Twp,1.73,0,12.96,78.69,93.38
Hunterdon,Lebanon Boro,2.23,0,0.32999999999999996,4.54,7.1
Hunterdon,Kingwood Twp,12.88,0,12.54,56.27,81.69
Hunterdon,Union Twp,9.41,0,11.51,44.620000000000005,65.54
Hunterdon,West Amwell Twp,10.34,0,9.58,36.71,56.63
Mercer,Hopewell Twp,16.16,0,36.47,141.44,194.07
Mercer,East Windsor Twp,9.69,4.53,10.709999999999999,68.83,93.76
Mercer,Robbinsville Twp,8.370000000000001,5.2,8.15,71.1,92.82
Mercer,Princeton,8.66,0,3.96,119.01,131.63
Mercer,Trenton City,10.62,0.99,11.360000000000001,147.15,170.12
Mercer,Ewing Twp,12.65,0.2,29.610000000000003,109.67999999999999,152.14
Mercer,Pennington Boro,0.6,0,2.77,9.08,12.450000000000001
Mercer,West Windsor Twp,4.25,0,24.18,120.55,148.98000000000002
Mercer,Hamilton Twp,28.29,2.7,33.260000000000005,303.14000000000004,367.39
Mercer,Hopewell Boro,0,0,1.8,7.56,9.360000000000001
Mercer,Hightstown Boro,1.3,0,2.74,12.69,16.73
Mercer,Lawrence Twp,18.479999999999997,0,11.94,99.84,130.26
Middlesex,Carteret Boro,0,1.52,4.7700000000000005,52.54,58.83
Middlesex,South River Boro,0,0,6.6,42.46,49.06
Middlesex,Edison Twp,14.8,5.21,31.74,253.6,305.35
Middlesex,Sayreville Boro,6.17,4.73,18.04,103.08,132.02
Middlesex,Helmetta Boro,0,0,1.51,6.72,8.229999999999999
Middlesex,Cranbury Twp,3.4899999999999998,4.159999999999999,14.239999999999998,29.39,51.28
Middlesex,North Brunswick Twp,16.419999999999998,0,7.430000000000001,77.21000000000001,101.06
Middlesex,Dunellen Boro,1.09,0,2.74,13.89,17.72
Middlesex,Woodbridge Twp,18.939999999999998,12.68,28,243.17,302.78999999999996
Middlesex,New Brunswick City,7.79,0.69,7.9,56.730000000000004,73.11
Middlesex,Piscataway Twp,9.209999999999999,0,21.439999999999998,175.26,205.91
Middlesex,Perth Amboy City,4.2700000000000005,1.1700000000000002,11.11,58.59,75.14
Middlesex,East Brunswick Twp,6.2,4.7,19,175.03,204.93
Middlesex,Monroe Twp,2.52,1.34,37.56,135.39000000000001,176.81
Middlesex,Plainsboro Twp,2.1,0,6.05,55.849999999999994,64
Middlesex,Middlesex Boro,3.14,0,3.57,47.48,54.190000000000005
Middlesex,Highland Park Boro,1.3900000000000001,0,4.109999999999999,27.279999999999998,32.78
Middlesex,South Plainfield Boro,1.8800000000000001,0,13.33,92.38,107.59
Middlesex,Jamesburg Boro,0,0,5.2,11.1,16.3
Middlesex,Old Bridge Twp,17.04,1.86,25.71,166.53,211.14
Middlesex,South Amboy City,1.47,0,3.4,18.6,23.47
Middlesex,Milltown Boro,0,1.04,2.59,23.59,27.22
Middlesex,South Brunswick Twp,16.75,3.56,26.459999999999997,145.54,192.31
Middlesex,Metuchen Boro,2.42,0,5.2700000000000005,39.33,47.02
Middlesex,Spotswood Boro,0,0,4.07,25.69,29.759999999999998
Monmouth,Bradley Beach Boro,0.8500000000000001,0,2.56,10.9,14.31
Monmouth,Freehold Boro,3.4099999999999997,0,1.58,26.419999999999998,31.41
Monmouth,Red Bank Boro,1.52,0,5.42,22.86,29.8
Monmouth,Belmar Boro,1.87,0,3.4,20.810000000000002,26.08
Monmouth,Manalapan Twp,8.06,0,20.310000000000002,162.92000000000002,191.29
Monmouth,Spring Lake Heights Boro,1.6700000000000002,0,1.6500000000000001,15.43,18.75
Monmouth,Union Beach Boro,0.61,0,2.9299999999999997,22.07,25.610000000000003
Monmouth,Roosevelt Boro,0,0,2.16,5.83,7.99
Monmouth,Hazlet Twp,4.39,1.1900000000000002,4.41,67.2,77.19
Monmouth,Ocean Twp,7.68,0,6.5,117.73,131.91
Monmouth,Monmouth Beach Boro,1.6400000000000001,0,0,14.06,15.7
Monmouth,Deal Boro,1.46,0,0,17.110000000000003,18.57
Monmouth,Freehold Twp,15.02,0,27.49,158.84,201.35000000000002
Monmouth,Shrewsbury Twp,0,0,0,1.49,1.49
Monmouth,Manasquan Boro,1.1,0,1.56,24.53,27.19
Monmouth,Allentown Boro,0,0,2.29,4.55,6.84
Monmouth,Allenhurst Boro,0.32999999999999996,0,0,4.81,5.14
Monmouth,Spring Lake Boro,0,0,2.13,26.06,28.19
Monmouth,Howell Twp,23.59,0,26.3,246.5,296.39
Monmouth,Neptune City Boro,1.21,0,3.4299999999999997,14.12,18.759999999999998
Monmouth,Millstone Twp,4.72,0,26.4,120.07,151.19
Monmouth,Keyport Boro,1.85,0,5.26,18.4,25.51
Monmouth,Aberdeen Twp,2.69,1.98,5.28,56.51,66.46000000000001
Monmouth,Fair Haven Boro,0,0,2.55,21.43,23.979999999999997
Monmouth,Matawan Boro,2.5,0.08,4.46,24.09,31.130000000000003
Monmouth,Long Branch City,3.13,0,6.26,79.75,89.14
Monmouth,Little Silver Boro,0,0,6.75,25.75,32.5
Monmouth,Asbury Park City,1.5,0,0.92,33.230000000000004,35.65
Monmouth,Highlands Boro,1.1700000000000002,0,1.52,12.4,15.09
Monmouth,Brielle Boro,2.48,0,2.66,21.86,27
Monmouth,Colts Neck Twp,13.209999999999999,0,15.53,104.8,133.54
Monmouth,Shrewsbury Boro,1.87,0,2.75,16.959999999999997,21.58
Monmouth,Oceanport Boro,0.32999999999999996,0,5.46,25.47,31.259999999999998
Monmouth,Sea Bright Boro,3.58,0,0.08,2.71,6.37
Monmouth,Interlaken Boro,0,0,0.73,6.04,6.7700000000000005
Monmouth,Eatontown Boro,7.79,0,5.67,36.849999999999994,50.309999999999995
Monmouth,Upper Freehold Twp,5.72,0,33.77,76.84,116.33
Monmouth,Avon-By-The-Sea Boro,0.74,0,1.48,11.07,13.29
Monmouth,Middletown Twp,11.950000000000001,4.59,31.439999999999998,304.08,352.06
Monmouth,Englishtown Boro,0,0,2.3,4.109999999999999,6.41
Monmouth,Neptune Twp,11.62,0,8.84,109.32,129.78
Monmouth,Loch Arbour Village,0.22,0,0,1.82,2.04
Monmouth,Holmdel Twp,3.98,3.72,12.31,105.48,125.49000000000001
Monmouth,Wall Twp,22.8,6.54,24.830000000000002,144.23,198.4
Monmouth,Farmingdale Boro,0,0,1.59,5.3,6.89
Monmouth,Lake Como Borough,0,0,0.01,5.46,5.470000000000001
Monmouth,West Long Branch Boro,3.62,0,5.1899999999999995,27.68,36.49
Monmouth,Rumson Boro,0,0,9.41,40.230000000000004,49.64
Monmouth,Atlantic Highlands Boro,0.9,0,2.63,20.91,24.439999999999998
Monmouth,Sea Girt Boro,0.6699999999999999,0,1.6600000000000001,14.79,17.12
Monmouth,Tinton Falls Boro,4.22,8.950000000000001,17.77,66.85,97.79
Monmouth,Marlboro Twp,17.1,0,13.51,202.51,233.12
Monmouth,Keansburg Boro,0.12000000000000001,0,2.4099999999999997,24.959999999999997,27.49
Morris,Lincoln Park Boro,0,0,5.76,39.59,45.349999999999994
Morris,Netcong Boro,1.79,0,0.6699999999999999,7.859999999999999,10.32
Morris,Chester Twp,5.2700000000000005,0,7.26,82.71000000000001,95.24000000000001
Morris,Riverdale Boro,3.25,0,1.82,11.950000000000001,17.02
Morris,Roxbury Twp,13.11,0,13.02,107.79,133.92000000000002
Morris,Mountain Lakes Boro,1.2,0,2.32,25.86,29.38
Morris,Chester Boro,1.11,0,2.32,8.84,12.27
Morris,Dover Town,3.8299999999999996,0,4.6,34.39,42.82
Morris,Mount Olive Twp,14.739999999999998,0,6.7700000000000005,125.11999999999999,146.63
Morris,Victory Gardens Boro,0,0,0.11,2.7800000000000002,2.8899999999999997
Morris,Parsippany-Troy Hills Twp,23.87,0,10.8,176.56,211.23
Morris,Pequannock Twp,4.2,0,8.83,50.93,63.96
Morris,Jefferson Twp,8.33,0,12.739999999999998,118.07,139.14
Morris,Washington Twp,1.49,0,18.25,133.51,153.25
Morris,Morristown Town,5.22,0,4.970000000000001,29.69,39.879999999999995
Morris,Butler Boro,2.2800000000000002,0,2.27,23.29,27.84
Morris,Boonton Town,1.75,0,3.8099999999999996,28.47,34.03
Morris,Long Hill Twp,0,0,13.26,46.87,60.13
Morris,Chatham Boro,2.51,0,3.3299999999999996,26.54,32.379999999999995
Morris,Hanover Twp,7.609999999999999,0,7.34,64.01,78.96000000000001
Morris,Boonton Twp,0,0,6.619999999999999,30.12,36.74
Morris,Morris Twp,6.44,0,14.2,106.16999999999999,126.81
Morris,Denville Twp,7.58,0,2.6,86.85,97.03
Morris,Kinnelon Boro,2.22,0,7.25,45.230000000000004,54.7
Morris,Montville Twp,6.859999999999999,0,13.129999999999999,103.78,123.77
Morris,East Hanover Twp,3.69,0,7.2700000000000005,47.96,58.92
Morris,Mount Arlington Boro,1.37,0,4.6499999999999995,16.86,22.88
Morris,Morris Plains Boro,2.7,0,1.81,24.25,28.759999999999998
Morris,Chatham Twp,0,0,11,37.849999999999994,48.849999999999994
Morris,Rockaway Boro,2.19,0,3.53,20.16,25.88
Morris,Randolph Twp,5.96,0,19.459999999999997,120.19,145.60999999999999
Morris,Harding Twp,6.6499999999999995,0,14.69,26.88,48.220000000000006
Morris,Wharton Boro,2.14,0,3.3099999999999996,16.77,22.22
Morris,Florham Park Boro,3.16,0,8.02,37.790000000000006,48.97
Morris,Madison Boro,3.59,0,4.87,46.24,54.7
Morris,Mendham Boro,0,0,4.609999999999999,23.79,28.4
Morris,Rockaway Twp,5.34,0,17.19,101.11,123.64
Morris,Mine Hill Twp,1.9,0,2.86,16,20.759999999999998
Morris,Mendham Twp,0,0,5.6899999999999995,65.44000000000001,71.13
Ocean,Lakehurst Boro,1.8800000000000001,0,3.63,7.81,13.32
Ocean,Long Beach Twp,0,0,11.92,54.51,66.43
Ocean,Island Heights Boro,0.17,0,4.35,7.74,12.26
Ocean,Brick Twp,12.78,3.29,49.620000000000005,254.16,319.85
Ocean,Bay Head Boro,1.27,0,1.53,7.94,10.739999999999998
Ocean,Seaside Park Boro,1.8800000000000001,0,4.609999999999999,10.739999999999998,17.23
Ocean,Tuckerton Boro,2,0,5.71,12.209999999999999,19.919999999999998
Ocean,Stafford Twp,14.96,4.96,20.18,144.31,184.41
Ocean,Ocean Twp,2.9499999999999997,2.18,16.22,36.660000000000004,58.01
Ocean,Ocean Gate Boro,0,0,10.07,2.23,12.3
Ocean,Seaside Heights Boro,0.93,0,6.159999999999999,5.430000000000001,12.52
Ocean,Berkeley Twp,6.2700000000000005,2.23,34.94,223.49,266.92999999999995
Ocean,Manchester Twp,15.239999999999998,0,41.58,110.9,167.72
Ocean,Surf City Boro,0,0,3.3099999999999996,15.07,18.38
Ocean,Pine Beach Boro,0.26,0,3.7,11.31,15.27
Ocean,Barnegat Light Boro,0,0,4.02,7.46,11.48
Ocean,Little Egg Harbor Twp,3.4699999999999998,4.01,28.58,94.91000000000001,130.97
Ocean,Ship Bottom Boro,0.6,0,3.22,13.31,17.130000000000003
Ocean,Plumsted Twp,0,0,37.87,35.78,73.64999999999999
Ocean,Mantoloking Boro,2.17,0,0.25,4,6.42
Ocean,Lavallette Boro,2.61,0,3.3,10.77,16.68
Ocean,Point Pleasant Boro,3.15,0,10.729999999999999,64.02,77.9
Ocean,Point Pleasant Beach Boro,3.3,0,7.48,18.84,29.62
Ocean,Beach Haven Boro,0,0,3.3899999999999997,17.56,20.95
Ocean,Eagleswood Twp,3.01,1.97,8.870000000000001,10.92,24.77
Ocean,Barnegat Twp,9.88,2.3099999999999996,23.6,81.08,116.86999999999999
Ocean,South Toms River Boro,1.34,0.81,4.81,9.38,16.34
Ocean,Toms River Twp,23.93,6.2700000000000005,75.36,348.3,453.86
Ocean,Beachwood Boro,1.49,1.48,9.3,43.8,56.07
Ocean,Lacey Twp,4.45,5.6899999999999995,27.85,156.67,194.66
Ocean,Jackson Twp,8.92,0,100.36999999999999,204.16,313.45
Ocean,Harvey Cedars Boro,0,0,2.23,7.59,9.82
Ocean,Lakewood Twp,11.219999999999999,3.3899999999999997,41.15,144.63,200.39000000000001
Passaic,Paterson City,8.57,0,28.939999999999998,157.67,195.18
Passaic,West Milford Twp,8.49,0,35.42,156.88000000000002,200.79
Passaic,Passaic City,3.12,0,11.739999999999998,55.260000000000005,70.11999999999999
Passaic,Ringwood Boro,0,0,14.79,74.61999999999999,89.41000000000001
Passaic,Haledon Boro,0,0,6.02,11.709999999999999,17.73
Passaic,North Haledon Boro,0,0,6.81,30.19,37
Passaic,Wayne Twp,7.84,0,40.21,181.52,229.57
Passaic,Wanaque Boro,2.18,0,4.96,29.3,36.44
Passaic,Hawthorne Boro,1.6900000000000002,0,13.4,46.68,61.77
Passaic,Totowa Boro,3.8299999999999996,0,10.75,30.810000000000002,45.39
Passaic,Clifton City,14.06,4.5,36.21,145.15,199.92000000000002
Passaic,Pompton Lakes Boro,0.46,0,6.52,26.51,33.49
Passaic,Prospect Park Boro,0,0,1.1500000000000001,6.76,7.91
Passaic,Little Falls Twp,2.23,0,10.870000000000001,24.59,37.690000000000005
Passaic,Woodland Park Boro,1.37,0,8.32,24.01,33.7
Passaic,Bloomingdale Boro,0.62,0,7.88,21.04,29.54
Salem,Elmer Boro,0.69,0,3.8299999999999996,5.18,9.7
Salem,Elsinboro Twp,0,0,16.459999999999997,7.67,24.130000000000003
Salem,Alloway Twp,0,0,43.36,36.660000000000004,80.02
Salem,Oldmans Twp,7.25,2.2,27.150000000000002,7.57,44.17
Salem,Salem City,2.27,0,5.95,16.25,24.47
Salem,Quinton Twp,8.67,0,22.85,20.18,51.7
Salem,Carneys Point Twp,17.37,4.6899999999999995,19.16,36.25,77.47
Salem,Penns Grove Boro,1.29,0,3.53,13.77,18.59
Salem,Pennsville Twp,8.99,1.37,7.25,73.14999999999999,90.76
Salem,Upper Pittsgrove Twp,14.89,0,51.04,43,108.93
Salem,Mannington Twp,6.619999999999999,0,32.2,30.36,69.17999999999999
Salem,Pittsgrove Twp,5.01,0,64.98,57.52,127.51
Salem,Lower Alloways Creek Twp,0,0,23.419999999999998,27.150000000000002,50.57
Salem,Woodstown Boro,2.11,0,4.659999999999999,11.450000000000001,18.22
Salem,Pilesgrove Twp,10.79,0.8,30.12,43.86,85.57
Somerset,Green Brook Twp,3.23,0,5.46,28.1,36.790000000000006
Somerset,Bernardsville Boro,4.02,0,10.5,53.15,67.66999999999999
Somerset,Rocky Hill Boro,0,0,1.5,2.88,4.38
Somerset,Bound Brook Boro,2.08,0,4.08,19.21,25.37
Somerset,Bridgewater Twp,27.23,0,23.49,191.58,242.3
Somerset,Bernards Twp,8.53,0,21.130000000000003,112.02,141.68
Somerset,South Bound Brook Boro,0,0,3.5,9.02,12.52
Somerset,Peapack-Gladstone Boro,2.08,0,5.17,18.610000000000003,25.86
Somerset,Manville Boro,0,0,2.04,40.08,42.120000000000005
Somerset,Branchburg Twp,6.38,0,18.74,89.98,115.1
Somerset,Bedminster Twp,13.360000000000001,0,16.01,38.67,68.04
Somerset,Hillsborough Twp,8.370000000000001,0,29.21,195.32000000000002,232.9
Somerset,Raritan Boro,3.23,0,2.98,18.34,24.55
Somerset,Far Hills Boro,2.9899999999999998,0,2.59,10.06,15.639999999999999
Somerset,Somerville Boro,3.3,0,1.97,30.93,36.2
Somerset,Franklin Twp,8.729999999999999,0,37.839999999999996,216.29,262.86
Somerset,Montgomery Twp,5.83,0,22.27,143.19,171.29
Somerset,Millstone Boro,0,0,2.62,1.79,4.41
Somerset,Watchung Boro,2.32,0,9.56,33.25,45.13
Somerset,North Plainfield Boro,3.27,0,6.53,39.96,49.760000000000005
Somerset,Warren Twp,6.67,0,18.82,104.75,130.23999999999998
Sussex,Hardyston Twp,10.59,0,8.709999999999999,45.61,64.91000000000001
Sussex,Montague Twp,6.13,0.49,23.85,25.72,56.190000000000005
Sussex,Hampton Twp,4.28,0,18.07,30.650000000000002,53
Sussex,Walpack Twp,0,0,0,17.19,17.19
Sussex,Sparta Twp,15.69,0,20.05,102.99000000000001,138.73
Sussex,Green Twp,0,0,15.84,34.99,50.83
Sussex,Stillwater Twp,0,0,20.830000000000002,39.879999999999995,60.71
Sussex,Hopatcong Boro,0,0,13.350000000000001,65.57,78.92
Sussex,Hamburg Boro,2.54,0,1,7.6499999999999995,11.19
Sussex,Franklin Boro,2.94,0,2.9299999999999997,21.779999999999998,27.650000000000002
Sussex,Branchville Boro,1.1500000000000001,0,2.36,2.79,6.3
Sussex,Vernon Twp,8.6,0,32.309999999999995,85.19,126.1
Sussex,Frankford Twp,5.6499999999999995,0,30.21,62.24,98.1
Sussex,Stanhope Boro,1.77,0,1.6500000000000001,13.33,16.75
Sussex,Andover Boro,2.3099999999999996,0,3.18,1.92,7.41
Sussex,Lafayette Twp,6.119999999999999,0,10.239999999999998,30.01,46.37
Sussex,Andover Twp,3.5,0,20.79,50.9,75.19
Sussex,Sandyston Twp,7.2700000000000005,0,16.22,28.79,52.28
Sussex,Fredon Twp,6.31,0,13.129999999999999,32.730000000000004,52.17
Sussex,Wantage Twp,17.24,0,36.48,123.56,177.28
Sussex,Newton Town,3.1,0,4.470000000000001,21.35,28.919999999999998
Sussex,Ogdensburg Boro,0,0,1.73,12.629999999999999,14.360000000000001
Sussex,Sussex Boro,1.55,0,0.8700000000000001,6.59,9.01
Sussex,Byram Twp,4.609999999999999,0,12.34,45.8,62.75
Union,Elizabeth City,11.8,5.96,9.6,126.34,153.7
Union,Fanwood Boro,1.3,0,4.359999999999999,20.71,26.37
Union,Roselle Park Boro,1.96,0,3.02,22.5,27.479999999999997
Union,Westfield Town,2,0,10.03,96.72,108.75
Union,Union Twp,12.46,1.85,13.34,118.45,146.1
Union,New Providence Boro,0,0,6.18,44.61,50.790000000000006
Union,Plainfield City,4.67,0,10.59,88.04,103.3
Union,Berkeley Heights Twp,3.16,0,11.56,50.98,65.7
Union,Roselle Boro,1.04,0,10.219999999999999,39.720000000000006,50.98
Union,Clark Twp,0,2.58,10.77,47.99,61.339999999999996
Union,Rahway City,4.04,0,10.709999999999999,60.120000000000005,74.86999999999999
Union,Springfield Twp,7.91,0,8.08,40.379999999999995,56.37
Union,Summit City,4.08,0,15.4,66.1,85.58
Union,Cranford Twp,1.72,1.86,8.41,66.7,78.69
Union,Scotch Plains Twp,2.38,0,11.49,76.04,89.91000000000001
Union,Hillside Twp,3.4699999999999998,0.72,4.44,39.92,48.55
Union,Mountainside Boro,2.63,0,10.31,29.7,42.64
Union,Kenilworth Boro,0.04,1.36,4,24.22,29.62
Union,Garwood Boro,0.96,0,1.02,11.91,13.89
Union,Linden City,6.1899999999999995,2.9899999999999998,8.950000000000001,92,110.13
Union,Winfield Twp,0,0,1.02,2.94,3.96
Warren,Lopatcong Twp,3.84,0,6.6,38.230000000000004,48.67
Warren,Knowlton Twp,16.830000000000002,0.13,14.01,37.28,68.25
Warren,Blairstown Twp,7.64,0,17.49,60.68,85.81
Warren,Washington Boro,2.8899999999999997,0,0.15000000000000002,24.09,27.130000000000003
Warren,Frelinghuysen Twp,6.9,0,16.310000000000002,28.72,51.93
Warren,Washington Twp,7.24,0,23.21,35.65,66.1
Warren,Alpha Boro,0.25,1.24,2.72,17.29,21.5
Warren,White Twp,7.6899999999999995,0,23.17,35.61,66.47
Warren,Phillipsburg Town,1.97,0.54,1.27,55.730000000000004,59.51
Warren,Oxford Twp,2.2,0,6.859999999999999,12.41,21.47
Warren,Belvidere Town,0,0.23,1.78,14.450000000000001,16.459999999999997
Warren,Liberty Twp,3.18,0,5.91,24.6,33.690000000000005
Warren,Franklin Twp,4.94,0,11.05,37.230000000000004,53.220000000000006
Warren,Mansfield Twp,8.76,0,16.79,46.9,72.45
Warren,Hardwick Twp,1.01,0.5,11.860000000000001,28.37,41.74
Warren,Greenwich Twp,7.89,0.22,9.31,31.53,48.949999999999996
Warren,Pohatcong Twp,2.96,2.56,13.51,36.13,55.160000000000004
Warren,Independence Twp,4.89,0,9.29,34,48.18
Warren,Hackettstown Town,2.68,0,3.84,28.08,34.6
Warren,Harmony Twp,0,0,23.14,36.07,59.21
Warren,Allamuchy Twp,6.819999999999999,0,19.49,10.54,36.849999999999994
Warren,Hope Twp,3.42,0,21.419999999999998,19.49,44.33
