file_in_this_project	original_url	bytes	last_modified_on_server	sha256
data/dca_ufb_database.xlsm	https://www.nj.gov/dca/dlgs/programs/mc_budget_docs/UFB%20Database%20-%20FINAL.xlsm	22220331	Tue, 01 Sep 2026 15:15:07 GMT	3bc2a36e477897c0879ac9f219f5d49a1bc6a6d97afee106bf80b82dfd98689c
data/njdot_mileage/mileage_Atlantic.pdf	https://www.nj.gov/transportation/refdata/sldiag/pdf/mileage_Atlantic.pdf	80543	Tue, 27 Aug 2019 19:10:38 GMT	7cdd170d08b0f2580f72f7564aa60a33dbc5430d39949700be46271bcab2b5f3
data/njdot_mileage/mileage_Bergen.pdf	https://www.nj.gov/transportation/refdata/sldiag/pdf/mileage_Bergen.pdf	89061	Tue, 27 Aug 2019 19:10:38 GMT	f0b5079588b3914a4a275b37271f6420380f19326371e5af88d926d4e9965951
data/njdot_mileage/mileage_Burlington.pdf	https://www.nj.gov/transportation/refdata/sldiag/pdf/mileage_Burlington.pdf	81568	Tue, 27 Aug 2019 19:10:39 GMT	2950b02092e67f779427117c91c717f64fc61ca5f9914d9b5c34925befebe29b
data/njdot_mileage/mileage_Camden.pdf	https://www.nj.gov/transportation/refdata/sldiag/pdf/mileage_Camden.pdf	82591	Tue, 27 Aug 2019 19:10:39 GMT	76072bf5b34d7d67a1fa02a13438b161a14502fb37e7f4b9e1c1906191efc982
data/njdot_mileage/mileage_CapeMay.pdf	https://www.nj.gov/transportation/refdata/sldiag/pdf/mileage_CapeMay.pdf	77407	Tue, 27 Aug 2019 19:10:39 GMT	a4d56f855c4d60a8c713794e8b4a9f8917542dce83c008e8e9b186a01d334dc4
data/njdot_mileage/mileage_Cumberland.pdf	https://www.nj.gov/transportation/refdata/sldiag/pdf/mileage_Cumberland.pdf	76758	Tue, 27 Aug 2019 19:10:40 GMT	e2feab725382dd2eb57afe4cd034943857a5a6d554f241a820f5ea7f338f6612
data/njdot_mileage/mileage_Essex.pdf	https://www.nj.gov/transportation/refdata/sldiag/pdf/mileage_Essex.pdf	80765	Tue, 27 Aug 2019 19:10:40 GMT	6a2c955ac2b451d082b36f185192d0a7649baa2f63a5713432e7389e2d1a72b1
data/njdot_mileage/mileage_Gloucester.pdf	https://www.nj.gov/transportation/refdata/sldiag/pdf/mileage_Gloucester.pdf	79894	Tue, 27 Aug 2019 19:10:40 GMT	f5cb79726420ae0df2ad1f4e6a2f53ec4c8e443b5ebc8b40568e5c6f20a3f077
data/njdot_mileage/mileage_Hudson.pdf	https://www.nj.gov/transportation/refdata/sldiag/pdf/mileage_Hudson.pdf	77312	Tue, 27 Aug 2019 19:10:41 GMT	89941c328f05cfae90acc529bc27a51104fcd7176910e011baa4d3572e764172
data/njdot_mileage/mileage_Hunterdon.pdf	https://www.nj.gov/transportation/refdata/sldiag/pdf/mileage_Hunterdon.pdf	81449	Tue, 27 Aug 2019 19:10:41 GMT	417b4b18bcbcac177c75dddb7a8472e7223df230bf5d908d23e066fb97cbb51c
data/njdot_mileage/mileage_Mercer.pdf	https://www.nj.gov/transportation/refdata/sldiag/pdf/mileage_Mercer.pdf	75805	Tue, 27 Aug 2019 19:10:42 GMT	fcdd48060ae04063ccfc920d617180895213f8bff6c4d105c146874dfca5eb93
data/njdot_mileage/mileage_Middlesex.pdf	https://www.nj.gov/transportation/refdata/sldiag/pdf/mileage_Middlesex.pdf	82028	Tue, 27 Aug 2019 19:10:42 GMT	ddb83a981f4cb2ab057b07647a495481e9c9113cab2c08776a3e9dcfeb09347b
data/njdot_mileage/mileage_Monmouth.pdf	https://www.nj.gov/transportation/refdata/sldiag/pdf/mileage_Monmouth.pdf	86444	Tue, 27 Aug 2019 19:10:43 GMT	3d40c5baca4b86c4f54235614a2fc7f980bb0e3a2982deac364325e4326fc60b
data/njdot_mileage/mileage_Morris.pdf	https://www.nj.gov/transportation/refdata/sldiag/pdf/mileage_Morris.pdf	83811	Tue, 27 Aug 2019 19:10:43 GMT	1f438fc71d4387bd3fa2adbdbaaff9de6733acb97bed65becf17b9c5ce6e22d8
data/njdot_mileage/mileage_Ocean.pdf	https://www.nj.gov/transportation/refdata/sldiag/pdf/mileage_Ocean.pdf	80798	Tue, 27 Aug 2019 19:10:44 GMT	c7e86414b805fb48fc50ef5ea18c7de041e2f0feedce081c880702fe3063eabf
data/njdot_mileage/mileage_Passaic.pdf	https://www.nj.gov/transportation/refdata/sldiag/pdf/mileage_Passaic.pdf	77001	Tue, 27 Aug 2019 19:10:44 GMT	47df9a770b4166b119623a4e72362a60d5726918da61610126cd50abb4ca7e20
data/njdot_mileage/mileage_Salem.pdf	https://www.nj.gov/transportation/refdata/sldiag/pdf/mileage_Salem.pdf	77741	Tue, 27 Aug 2019 19:10:45 GMT	81691b8b75e3a7b50c9a47b449011698d38093c3734710d66eb975e453c8fdc2
data/njdot_mileage/mileage_Somerset.pdf	https://www.nj.gov/transportation/refdata/sldiag/pdf/mileage_Somerset.pdf	79940	Tue, 27 Aug 2019 19:10:45 GMT	80f212c971ef5aa9580739067912c0364cd8863a6b68508daf8e057c9c9b70fd
data/njdot_mileage/mileage_Sussex.pdf	https://www.nj.gov/transportation/refdata/sldiag/pdf/mileage_Sussex.pdf	81345	Tue, 27 Aug 2019 19:10:46 GMT	d4276e3ec28fabb39f7c4874702da45f4fc209d9c16d83a89f9bd31db8567eeb
data/njdot_mileage/mileage_Union.pdf	https://www.nj.gov/transportation/refdata/sldiag/pdf/mileage_Union.pdf	80773	Tue, 27 Aug 2019 19:10:47 GMT	4bd3f5a74e7c5c96ea5f5ac0a4d8b6aa4843d798615a00fc2063b0613ef3d685
data/njdot_mileage/mileage_Warren.pdf	https://www.nj.gov/transportation/refdata/sldiag/pdf/mileage_Warren.pdf	80652	Tue, 27 Aug 2019 19:10:47 GMT	a32e9779903292048dd58724af446c6c7a915ef19b02507ed23cb497d733a94c
data/njdot_mileage/mileage_State.pdf	https://www.nj.gov/transportation/refdata/sldiag/pdf/mileage_State.pdf	77973	Tue, 27 Aug 2019 19:10:46 GMT	79093ae0dc72532f5cb41162242c8ae3a14f4f3d7c978330e478a55e34d27cf2
